UKPRN,UnitOfAssessment,MultipleSubmission,Identifier,LastName,Initials,Category,CategoryCExplanatoryText
10007759,11,,926294,Bencomo,N.,A,
10007759,11,,926295,Van Mourik,J.,A,
10007759,11,,926296,Bastin,L.,A,
10007759,11,,926297,Vogiatzis,G.,A,
10007759,11,,926298,Boukouvalas,A.,A,
10007759,11,,926299,Lumsden,J.,A,
10007759,11,,926300,Neirotti,J.,A,
10007759,11,,926301,Saad,D.,A,
10007759,11,,926302,Chli,M.,A,
10007759,11,,926303,Ekárt,A.,A,
10007759,11,,926304,Lewis,P.,A,
10007759,11,,926305,Rebollo-Neira,L.,A,
10007759,11,,926306,Lowe,D.,A,
10007759,11,,926307,He,Y.,A,
10007759,11,,926308,Zhuge,H.,A,
10007759,11,,926310,Cornford,D.,A,
10007759,11,,926311,Kone?ný,M.,A,
10007759,11,,926312,Little,M.,A,
10007759,11,,926313,Nabney,I.,A,
10007850,11,,978074,Proulx,M. J.,A,
10007850,11,,978075,Wyvill,B. L. M.,A,
10007850,11,,978076,Johnson,P.,A,
10007850,11,,978077,Hall,P. M.,A,
10007850,11,,978078,Payne,S. J.,A,
10007850,11,,978079,Heijltjes,W. B.,A,
10007850,11,,978080,McCusker,G. A.,A,
10007850,11,,978081,Brown,M.,A,
10007850,11,,978082,Bradford,R. J.,A,
10007850,11,,978083,Watts,L. A.,A,
10007850,11,,978084,Willis,P.,A,
10007850,11,,978085,Stanton Fraser,D. E. B.,A,
10007850,11,,978086,Vorobjov,N.,A,
10007850,11,,978087,Power,A. J.,A,
10007850,11,,978088,Bryson,J. J.,A,
10007850,11,,978089,De Vos,M.,A,
10007850,11,,978090,Laird,J. D.,A,
10007850,11,,978091,Krause,A.,A,
10007850,11,,978092,Guglielmi,A.,A,
10007850,11,,978093,Cosker,D. P.,A,
10007850,11,,978094,O'Neill,E. J.,A,
10007850,11,,978095,Johnson,H.,A,
10007850,11,,978096,Davenport,J. H.,A,
10007850,11,,978097,Padget,J. A.,A,
10007152,11,,10312,Clapworthy,G,A,
10007152,11,,10313,Dong,F,A,
10007152,11,,10314,Prakash,C E,A,
10007152,11,,10315,Liu,B,A,
10007152,11,,10316,Liu,E,A,
10007152,11,,10317,Prakoonwit,S,A,
10007152,11,,10318,Maple,C,A,
10007152,11,,10319,Yue,Y,A,
10007152,11,,10324,Brown,A,A,
10007152,11,,10590,Aydin,M,A,
10007152,11,,10591,Li,D,A,
10007152,11,,10592,Schetinin,V,A,
10007152,11,,10593,Trinitis,C,A,
10007152,11,,10594,Allen,B,A,
10007152,11,,10595,Zhang,S,A,
10007152,11,,10596,Huang,W,A,
10007152,11,,10597,Safdar,G,A,
10007152,11,,10598,Velisavljevic,V,A,
10007152,11,,10599,Waharte,S,A,
10007152,11,,10601,Zhang,Y,A,
10007152,11,,10602,Ajmal,T,A,
10007152,11,,39037,Frommholz,I,A,
10007152,11,,39038,Karadimas,P,A,
10007152,11,,39039,Chernov,A,A,
10007152,11,,39040,Ur Rehman,M,A,
10007152,11,,265973,Kolman,O,A,
10007152,11,,265976,Freiderikos,V,A,
10007152,11,,270319,Liu,H,A,
10007152,11,,562958,Qiu,R,A,
10007152,11,,632920,Oyekan,J,A,
10007152,11,,632921,Carrea,L,A,
10007152,11,,632922,Kouadri-Mostefaoui,G,A,
10007152,11,,632923,Tariq,F,A,
10007152,11,,632924,Aggoun,A,A,
10007152,11,,632925,Shi,L,A,
10007152,11,,728543,Song,H,A,
10007152,11,,778772,Painkras,E,A,
10007152,11,,871348,Lopez-Perez,D,A,
10007152,11,,988012,Dyo,V,A,
10007760,11,,17515,Cali,A,A,
10007760,11,,17566,Fenner,T I,A,
10007760,11,,17587,Gutierrez-Santos,S J,A,
10007760,11,,17634,Kontchakov,R,A,
10007760,11,,17639,Lachish,O,A,
10007760,11,,17646,Levene,M,A,
10007760,11,,17662,Magoulas,G,A,
10007760,11,,17671,Maybank,S J,A,
10007760,11,,17686,Mikulas,S,A,
10007760,11,,17711,Papapetrou,P,A,
10007760,11,,17720,Poulovassilis,A,A,
10007760,11,,17721,Powell,P L,A,
10007760,11,,17741,Roussos,G,A,
10007760,11,,17826,Weston,D J,A,
10007760,11,,17834,Wood,P T,A,
10007760,11,,17842,Zakharyaschev,M,A,
10007760,11,,17843,Zhang,D,A,
10007760,11,,60009,Razgon,I,A,
10007760,11,,448917,Han,T,A,
10006840,11,,942281,Barnden,J.,A,
10006840,11,,942282,He,S.,A,
10006840,11,,942283,Howes,A.,A,
10006840,11,,942284,Rowe,J.,A,
10006840,11,,942285,Jung,A.,A,
10006840,11,,942286,Beale,R.,A,
10006840,11,,942287,Bohnet,B.,A,
10006840,11,,942288,Dehghani,H.,A,
10006840,11,,942289,Bullinaria,J.,A,
10006840,11,,942290,Bahsoon,R.,A,
10006840,11,,942291,Yao,X.,A,
10006840,11,,942292,Chothia,T.,A,
10006840,11,,942293,Musolesi,M.,A,
10006840,11,,942294,Thielecke,H.,A,
10006840,11,,942295,Cova,M.,A,
10006840,11,,942296,Kaban,A.,A,
10006840,11,,942297,Krishnaswami,N.,A,
10006840,11,,942298,Bordbar,B.,A,
10006840,11,,942299,Sexton,A.,A,
10006840,11,,942300,Wyatt,J.,A,
10006840,11,,942301,Tino,P.,A,
10006840,11,,942302,Dearden,R.,A,
10006840,11,,942303,Levy,P.,A,
10006840,11,,942304,Hawes,N.,A,
10006840,11,,942305,Leonardis,A.,A,
10006840,11,,942306,Nagaraja,S.,A,
10006840,11,,942307,Parker,D.,A,
10006840,11,,942308,Vickers,S.,A,
10006840,11,,942309,Styles,I.,A,
10006840,11,,942310,Sorge,V.,A,
10006840,11,,942311,Ghica,D.,A,
10006840,11,,942312,Zarges,C.,A,
10006840,11,,942313,Rivieccio,U.,A,
10006840,11,,942314,Lee,M.,A,
10006840,11,,942315,Claridge,E.,A,
10006840,11,,942316,Kerber,M.,A,
10006840,11,,942317,Mistry,M.,A,
10006840,11,,942318,Ritter,E.,A,
10006840,11,,942319,Ryan,M.,A,
10006840,11,,942320,Garcia,F.,A,
10006840,11,,942321,Escardo,M.,A,
10006840,11,,942322,Reddy,U.,A,
10006840,11,,942323,Dix,A.,A,
10007140,11,,37564,Abdallah,A,A,
10007140,11,,37565,Athwal,C S,A,
10007140,11,,37569,Kokuer Jancovic,M,A,
10007140,11,,37573,Chapman,C,A,
10007140,11,,172988,Palomar,E,A,
10007140,11,,172990,Bowen,J,A,
10007140,11,,173007,Chehab,M,A,
10007140,11,,173008,Haidar,A,A,
10007140,11,,654525,Liu,Z,A,
10000886,11,,382939,ALI,N,A,
10000886,11,,382940,BELZ,AS,A,
10000886,11,,382941,BURTON,J,A,
10000886,11,,382942,CHAPMAN,PB,A,
10000886,11,,382944,DELANEY,AJ,A,
10000886,11,,382946,FISH,AG,A,
10000886,11,,382948,HOWSE,JR,A,
10000886,11,,382949,KAPETANAKIS,S,A,
10000886,11,,382950,NICHOLSON,JOH,A,
10000886,11,,382951,RODRIGUEZ ECHAVARRIA,K,A,
10000886,11,,382952,STAPLETON,GE,A,
10000886,11,,382954,WINTER,M,A,
10000886,11,,382955,ZHOU,D,A,
10000886,11,,530928,PETRIDIS,M,A,
10007786,11,,953180,May,D.,A,
10007786,11,,953181,Coyle,D.,A,
10007786,11,,953182,Cliff,D.,A,
10007786,11,,953183,Warinschi,B.,A,
10007786,11,,953184,Lawry,J.,A,
10007786,11,,953185,Bull,D.,A,
10007786,11,,953186,Houghton,C. J.,A,
10007786,11,,953187,Montanaro,A.,A,
10007786,11,,953188,Nunez-Yanez,J. L.,A,
10007786,11,,953189,Gregory,S.,A,
10007786,11,,953190,Page,D.,A,
10007786,11,,953191,Campbell,N. W.,A,
10007786,11,,953192,Burghardt,T.,A,
10007786,11,,953193,Smart,N. P.,A,
10007786,11,,953194,Campbell,I. C. G.,A,
10007786,11,,953195,Achim,A. M.,A,
10007786,11,,953196,Mayol-Cuevas,W. W.,A,
10007786,11,,953197,Pamunuwa,I. D. B.,A,
10007786,11,,953198,De Bie,T.,A,
10007786,11,,953199,Clifford,R.,A,
10007786,11,,953200,Gough,J. J. T.,A,
10007786,11,,953201,Damen,D.,A,
10007786,11,,953202,Oswald,M. E.,A,
10007786,11,,953203,Tryfonas,T.,A,
10007786,11,,953204,Hollis,S. J.,A,
10007786,11,,953205,Cristianini,N.,A,
10007786,11,,953206,Fraser,M. C.,A,
10007786,11,,953207,Calway,A. D.,A,
10007786,11,,953208,Preist,C.,A,
10007786,11,,953209,Mirmehdi,M.,A,
10007786,11,,953210,Pradhan,D. K.,A,
10007786,11,,953211,McIntosh-Smith,S. N.,A,
10007786,11,,953212,Subramanian,S.,A,
10007786,11,,953213,Stam,M.,A,
10007786,11,,953214,Martin,T. P.,A,
10007786,11,,953215,Ray,O.,A,
10007786,11,,953216,Kovacs,T. M. D.,A,
10007786,11,,953217,Flach,P. A.,A,
10007786,11,,953218,Cater,K. F.,A,
10007786,11,,953219,Canagarajah,C. N.,A,
10007786,11,,953220,Eder,K. I.,A,
10007786,11,,953221,Agrafiotis,D.,A,
10000961,11,,15689,Brooks,LS,A,
10000961,11,,15692,Coughlan,JL,A,
10000961,11,,15693,Counsell,S,A,
10000961,11,,15694,Cribbin,TF,A,
10000961,11,,15701,Ghinea,G,A,
10000961,11,,15702,Gilbert,DR,A,
10000961,11,,15705,Hall,T,A,
10000961,11,,15706,Hierons,RM,A,
10000961,11,,15707,Hone,KS,A,
10000961,11,,15711,Lauria,S,A,
10000961,11,,15712,Li,Y,A,
10000961,11,,15713,Liu,X,A,
10000961,11,,15715,Louvieris,P,A,
10000961,11,,15716,Love,S,A,
10000961,11,,15717,Lycett,MG,A,
10000961,11,,15718,Macredie,RD,A,
10000961,11,,15720,Money,AG,A,
10000961,11,,15725,Payne,AM,A,
10000961,11,,15726,Perry,MJ,A,
10000961,11,,15730,Shepperd,MJ,A,
10000961,11,,15731,Stergioulas,LK,A,
10000961,11,,15732,Swift,SM,A,
10000961,11,,15733,Taylor,SJE,A,
10000961,11,,15734,Tucker,AJ,A,
10000961,11,,15735,Wang,F,A,
10000961,11,,15736,Wang,Z,A,
10000961,11,,15738,Young,TP,A,
10000961,11,,16453,Capiluppi,A,A,
10000961,11,,16481,Soldatova,LN,A,
10000961,11,,46895,Malizia,A,A,
10000961,11,,694395,Grosan,C,A,
10007788,11,,214809,Anderson,RJ,A,
10007788,11,,214810,Bacon,JM,A,
10007788,11,,214811,Briscoe,EJ,A,
10007788,11,,214812,Daugman,JG,A,
10007788,11,,214813,Dodgson,NA,A,
10007788,11,,214814,Gordon,MJC,A,
10007788,11,,214815,Hopper,A,A,
10007788,11,,214816,Moore,SW,A,
10007788,11,,214817,Mycroft,A,A,
10007788,11,,214818,Paulson,LC,A,
10007788,11,,214819,Pitts,AM,A,
10007788,11,,214820,Robinson,P,A,
10007788,11,,214821,Sewell,PM,A,
10007788,11,,214822,Gibbens,RJ,A,
10007788,11,,214823,Moore,AW,A,
10007788,11,,214824,Hand,SM,A,
10007788,11,,214825,Lio,P,A,
10007788,11,,214826,Blackwell,AF,A,
10007788,11,,214827,Dawar,A,A,
10007788,11,,214828,Wassell,IJ,A,
10007788,11,,214829,Mullins,RD,A,
10007788,11,,214830,Winskel,G,A,
10007788,11,,214831,Copestake,AA,A,
10007788,11,,214832,Fiore,MP,A,
10007788,11,,214833,Stajano,FM,A,
10007788,11,,214834,Crowcroft,JA,A,
10007788,11,,214835,Korhonen,A,A,
10007788,11,,214836,Staton,S,A,
10007788,11,,214837,Teufel,SH,A,
10007788,11,,214838,Jamnik,M,A,
10007788,11,,214839,Holden,SB,A,
10007788,11,,214840,Yoneki,E,A,
10007788,11,,214841,Harle,RK,A,
10007788,11,,214842,Beresford,AR,A,
10007788,11,,214843,Griffin,TG,A,
10007788,11,,214844,Murdoch,SJ,A,
10007788,11,,214845,Rice,AC,A,
10007788,11,,214846,Madhavapeddy,AVS,A,
10007788,11,,214847,Mascolo,C,A,
10007788,11,,214848,Myreen,MO,A,
10007788,11,,214849,Clayton,RN,A,
10007788,11,,214850,Clark,SC,A,
10007788,11,,214851,Hayman,JM,A,
10007788,11,,214852,Watson,RNM,A,
10007788,11,,214853,Jones,TM,A,
10007788,11,,214854,Pauly,A,A,
10007788,11,,265343,Lathia,NK,A,
10007788,11,,274196,Sauerwald,TM,A,
10007788,11,,475344,Chen,W,A,
10007788,11,,625328,Faragher,RM,A,
10007788,11,,625329,Fox,ACJ,A,
10007788,11,,625330,Gazagnaire,TM,A,
10007788,11,,625331,Sathiaseelan,A,A,
10007788,11,,625332,Sheret,IL,A,
10007788,11,,625333,Singh,J,A,
10007788,11,,625334,Yallop,JD,A,
10007848,11,,486033,AVIS,N,A,
10007848,11,,486034,STEWART,J,A,
10007848,11,,764271,KERINS,J,A,
10007848,11,,764272,MORGAN,MJ,A,
10001478,11,,311867,Alonso,E,A,
10001478,11,,311868,Benetos,E,A,
10001478,11,,311869,Bird,J,A,
10001478,11,,311870,Bloomfield,RE,A,
10001478,11,,311871,Buchanan,GR,A,
10001478,11,,311872,Comuzzi,M,A,
10001478,11,,311873,Dykes,JA,A,
10001478,11,,311875,Garcez,ASD,A,
10001478,11,,311876,Gashi,I,A,
10001478,11,,311877,Howe,JM,A,
10001478,11,,311878,Hunt,S,A,
10001478,11,,311879,Jones,K,A,
10001478,11,,311880,Jones,SV,A,
10001478,11,,311881,Kalyvianaki,E,A,
10001478,11,,311882,Komninos,N,A,
10001478,11,,311883,Littlewood,B,A,
10001478,11,,311884,MacFarlane,A,A,
10001478,11,,311885,Maiden,N,A,
10001478,11,,311886,O'Sullivan,DM,A,
10001478,11,,311887,Slabaugh,GG,A,
10001478,11,,311888,Spanoudakis,G,A,
10001478,11,,311889,Stankovic,V,A,
10001478,11,,311890,Strigini,L,A,
10001478,11,,311891,Stumpf,S,A,
10001478,11,,311893,Wilson,SM,A,
10001478,11,,311894,Wood,JD,A,
10001478,11,,781560,Andrienko,GL,A,
10001478,11,,781561,Andrienko,NV,A,
10001478,11,,781562,Bishop,PG,A,
10001478,11,,781563,Cheok,AD,A,
10001478,11,,781564,Kloukinas,C,A,
10001478,11,,781565,Paterson,R,A,
10001478,11,,781566,Popov,PT,A,
10001478,11,,781567,Povyakalo,AA,A,
10001478,11,,781568,Slingsby,A,A,
10001478,11,,781569,Turkay,C,A,
10001726,11,,17448,James,A,A,
10001726,11,,109161,Petrovic,D,A,
10001726,11,,109162,Anane,R,A,
10001726,11,,109163,Chao,K,A,
10001726,11,,109164,Iqbal,R,A,
10001726,11,,109165,de Freitas,S,A,
10001726,11,,109166,Dunwell,I,A,
10001726,11,,109167,Petridis,P,A,
10001726,11,,109169,Wang,X,A,
10001726,11,,109170,Doctor,F,A,
10001726,11,,109172,Hendrix,M,A,
10001726,11,,109174,Eastwood,M,A,
10001726,11,,109175,Palade,V,A,
10001883,11,,4092,Neri,F,A,
10001883,11,,4093,Coupland,SC,A,
10001883,11,,4094,Gongora,MA,A,
10001883,11,,7288,Elizondo,DA,A,
10001883,11,,7289,Bella,G,A,
10001883,11,,7290,Chiclana,F,A,
10001883,11,,7291,Seker,H,A,
10001883,11,,7292,Sexton,I,A,
10001883,11,,7293,Siewe,F,A,
10001883,11,,7294,Stahl,BC,A,
10001883,11,,7295,Ward,M,A,
10001883,11,,7297,Yang,Y,A,
10001883,11,,7756,Yang,S,A,
10001883,11,,49269,Ahmadi,S,A,
10001883,11,,49271,Ayesh,A,A,
10001883,11,,49272,Cau,AG,A,
10001883,11,,49273,Herrera-Viedma,E,A,
10001883,11,,49819,Janicke,HT,A,
10001883,11,,49821,McBride,NK,A,
10001883,11,,49822,Picinali,L,A,
10001883,11,,49823,Shaw,M,A,
10001883,11,,262076,Moszkowski,B,A,
10001883,11,,413031,Greenfield,S,A,
10001883,11,,413060,Vickers,S,A,
10001883,11,,413087,Istance,H,A,
10001883,11,,443505,Murtagh,F,A,
10001883,11,,448705,Hendler,JA,A,
10001883,11,,625069,Passow,NB,A,
10001883,11,,761717,Rosenberg,D,A,
10007851,11,,84571,Bessis,N,A,
10007851,11,,84572,Antonopoulos,N,A,
10007851,11,,477478,Adnane,HA,A,
10007851,11,,477480,Anjum,A,A,
10007851,11,,477481,Chen,M,A,
10007851,11,,477482,Hill,GR,A,
10007851,11,,477483,Huber,AK,A,
10007851,11,,477484,Liu,L,A,
10007851,11,,477485,Sandmann,W,A,
10007851,11,,477486,Thompson,T,A,
10007851,11,,551030,Zhu,SY,A,
10007851,11,,617055,Evans,D,A,
10007143,11,,602269,Bordewich,M,A,
10007143,11,,602270,Breckon,T.P.,A,
10007143,11,,602271,Budgen,D,A,
10007143,11,,602272,Dantchev,S,A,
10007143,11,,602273,Friedetzky,T,A,
10007143,11,,602274,Gadouleau,M,A,
10007143,11,,602275,Ivrissimtzis,I,A,
10007143,11,,602276,Johnson,M,A,
10007143,11,,602277,Krokhin,A,A,
10007143,11,,602278,Li,F,A,
10007143,11,,602279,Mertzios,G,A,
10007143,11,,602280,Obara,B,A,
10007143,11,,602281,Paulusma,D,A,
10007143,11,,602282,Stewart,I.A.,A,
10007143,11,,602283,Theodoropoulos,G,A,
10007789,11,,58369,Bangham,JA,A,
10007789,11,,58370,Cawley,GC,A,
10007789,11,,58371,Cox,SJ,A,
10007789,11,,58372,Day,AM,A,
10007789,11,,58373,Finlayson,GD,A,
10007789,11,,58375,Greenman,CD,A,
10007789,11,,58376,Harvey,RW,A,
10007789,11,,58377,Hayward,SJ,A,
10007789,11,,58378,Huber,K,A,
10007789,11,,58379,Kulinskaya,E,A,
10007789,11,,58380,Laycock,SD,A,
10007789,11,,58381,Milner,B,A,
10007789,11,,58382,Moulton,V,A,
10007789,11,,58383,Nikoloulopoulos,A,A,
10007789,11,,58384,Theobald,BJ,A,
10007789,11,,58385,Wu,T,A,
10007789,11,,246842,De La Iglesia,B,A,
10007789,11,,246843,Bagnall,AJ,A,
10007789,11,,246844,Lapeer,RJA,A,
10007144,11,,526110,Falcarin,P,A,
10007144,11,,526111,Islam,S,A,
10007144,11,,526112,Mouratidis,H,A,
10007144,11,,526113,Tartary,C,A,
10007823,11,,534840,Anderson,M,A,
10007823,11,,534841,Balakrishna,C,A,
10007823,11,,534842,Hall,M,A,
10007823,11,,534843,Mustafa,B,A,
10007823,11,,534844,Pereira,E,A,
10007791,11,,135838,Adams,M J,A,
10007791,11,,135839,Balkan,A N,A,
10007791,11,,135841,Cinel,C,A,
10007791,11,,135842,Citi,L,A,
10007791,11,,135844,Dai,H,A,
10007791,11,,135846,Fasli,M,A,
10007791,11,,135848,Fox,C J,A,
10007791,11,,135849,Gan,J Q,A,
10007791,11,,135850,Gu,D,A,
10007791,11,,135851,Hagras,H,A,
10007791,11,,135852,Henning,I D,A,
10007791,11,,135854,Higgins,P M,A,
10007791,11,,135855,Hu,H,A,
10007791,11,,135856,Hurtado Villavieja,A,A,
10007791,11,,135858,Lausen,K B,A,
10007791,11,,135859,Lucas,S M,A,
10007791,11,,135860,McDonald-Maier,K D,A,
10007791,11,,135861,Mirshekar-Syahkal,D,A,
10007791,11,,135862,Newton,N J,A,
10007791,11,,135863,O'Hara,J G,A,
10007791,11,,135864,Perperoglou,A,A,
10007791,11,,135865,Phelps,S G,A,
10007791,11,,135866,Poesio,M,A,
10007791,11,,135867,Poli,R,A,
10007791,11,,135869,Sangwine,S J,A,
10007791,11,,135870,Sepulveda,F A,A,
10007791,11,,135871,Tsang,E P K,A,
10007791,11,,135872,Vernitski,A,A,
10007791,11,,135873,Walker,S D,A,
10007791,11,,135874,Williams,A G T,A,
10007791,11,,135875,Yang,K,A,
10007791,11,,135876,Zakhleniuk,N A,A,
10007791,11,,135877,Zhang,Q,A,
10007791,11,,581496,Zheng,G,A,
10007791,11,,750824,Chorti,A,A,
10007791,11,,750825,Thomos,N,A,
10007791,11,,955183,Harrison,A,A,
10007792,11,,747288,Galton,AP,A,
10007792,11,,747289,Everson,RM,A,
10007792,11,,747290,Yang,ZR,A,
10007792,11,,747291,Keedwell,EC,A,
10007792,11,,747292,Fieldsend,JE,A,
10007792,11,,747293,Zunic,J,A,
10007792,11,,747294,Ying,Y,A,
10007792,11,,747295,Moraglio,A,A,
10007792,11,,747296,Min,G,A,
10007792,11,,747632,Akman,OE,A,
10002718,11,,913287,Jefferies,JK,A,
10002718,11,,913319,Pu,I,A,
10002718,11,,913337,Ursu,MF,A,
10002718,11,,913361,Danicic,S,A,
10002718,11,,913375,Nikolaev,NY,A,
10002718,11,,913384,Zimmer,R,A,
10002718,11,,913408,Blackwell,TM,A,
10002718,11,,913415,Bishop,JM,A,
10002718,11,,913424,Leymarie,F,A,
10002718,11,,913433,Casey,MA,A,
10002718,11,,913435,Rhodes,C,A,
10002718,11,,913460,Dinverno,M,A,
10002718,11,,913466,Grierson,M,A,
10002718,11,,913476,Latham,W,A,
10002718,11,,913481,Prophet,J,A,
10002718,11,,913483,Harwood,G,A,
10002718,11,,913492,Shoben,A,A,
10002718,11,,913498,Gillies,MFP,A,
10002718,11,,913507,Gow,JIH,A,
10002718,11,,913559,Tanaka,A,A,
10002718,11,,913571,Colton,S,A,
10002718,11,,913591,Fiebrink,R,A,
10002718,11,,913599,Pachet,F,A,
10002718,11,,913600,Farrahi,K,A,
10007146,11,,284686,Anthony,R,A,
10007146,11,,284687,Bacon,E,A,
10007146,11,,284688,Filippidis,L,A,
10007146,11,,284689,Knight,B,A,
10007146,11,,284690,Ma,J,A,
10007146,11,,284691,Mackinnon,L,A,
10007146,11,,284692,Stoyanov,S,A,
10007146,11,,284693,Walshaw,C,A,
10007146,11,,284695,De Quincey,E,A,
10007146,11,,284696,Ewer,J,A,
10007146,11,,284697,Worboys,M,A,
10007146,11,,284698,Cummins,R,A,
10007146,11,,381770,Jia,F,A,
10007146,11,,628553,Loukas,G,A,
10007146,11,,628554,Filippoupolitis,A,A,
10007147,11,,987800,Carvalho,C.,A,
10007147,11,,987801,Bowes,D.,A,
10007147,11,,987802,Helian,N.,A,
10007147,11,,987803,Senior,J.,A,
10007147,11,,987804,Baddoo,N.,A,
10007147,11,,987805,Davey,N.,A,
10007147,11,,987806,Dautenhahn,K.,A,
10007147,11,,987807,Cañamero,L.,A,
10007147,11,,987808,Amirabdollahian,F.,A,
10007147,11,,987809,Steuber,V.,A,
10007147,11,,987810,Xiao,H.,A,
10007147,11,,987811,Nehaniv,C.,A,
10007147,11,,987812,Shafarenko,A.,A,
10007147,11,,987813,Polani,D.,A,
10007147,11,,987814,Kourtessis,P.,A,
10007147,11,,987815,Rainer,A.,A,
10007147,11,,987816,Adams,R.,A,
10007147,11,,987817,te Boekhorst,R.,A,
10007147,11,,987818,Schilstra,M.,A,
10007147,11,,987819,Kirner,R.,A,
10007147,11,,987820,Walters,M.,A,
10007147,11,,987821,Ariyaeeinia,A.,A,
10007147,11,,987822,Lane,P.,A,
10007147,11,,987823,Salge,C.,A,
10007147,11,,987824,Glackin,C.,A,
10007147,11,,987825,Sun,Y.,A,
10007147,11,,987826,Christianson,B.,A,
10007147,11,,987827,Robins,B.,A,
10007148,11,,794913,Ali,N,A,
10007148,11,,794914,Antoniou,G,A,
10007148,11,,794915,Batsakis,S,A,
10007148,11,,794916,Cai,D,A,
10007148,11,,794917,Christophides,V,A,
10007148,11,,794918,Chrpa,L,A,
10007148,11,,794919,Crampton,A,A,
10007148,11,,794920,Doherty,P A,A,
10007148,11,,794921,Faber,W,A,
10007148,11,,794922,Lu,Z,A,
10007148,11,,794923,McCluskey,T L,A,
10007148,11,,794924,Peebles,D J,A,
10007148,11,,794925,Ramduny-Ellis,D,A,
10007148,11,,794926,Vallati,M,A,
10007148,11,,794927,Venters,C C,A,
10007148,11,,794928,Xu,Z,A,
10007149,11,,532548,Davis,D N,A,
10007149,11,,532549,Gordon,N A,A,
10007149,11,,532550,Hawick,K A,A,
10007149,11,,532551,Jiang,P,A,
10007149,11,,532552,Kambhampati,C,A,
10007149,11,,532553,Li,Q,A,
10007149,11,,532554,Liu,H,A,
10007149,11,,532555,Papadopoulos,Y I,A,
10007149,11,,532556,Parker,D J,A,
10007149,11,,532557,Springer,J P,A,
10007149,11,,532558,Dietrich,I,A,
10007149,11,,532559,Walker,M D,A,
10007149,11,,532560,Wang,B,A,
10007149,11,,532561,Ward,J W,A,
10007149,11,,532562,Wright,H,A,
10003270,11,,970087,Eisenbach,S,A,
10003270,11,,970088,Glocker,B,A,
10003270,11,,970089,Schuller,BW,A,
10003270,11,,970090,Ghosh,A,A,
10003270,11,,970091,Donaldson,AF,A,
10003270,11,,970092,Wolf,AL,A,
10003270,11,,970093,Davison,AJ,A,
10003270,11,,970094,Kuhn,D,A,
10003270,11,,970095,Pattinson,D,A,
10003270,11,,970096,Pantic,M,A,
10003270,11,,970097,Calcagno,C,A,
10003270,11,,970098,Costa,P,A,
10003270,11,,970099,Pietzuch,PR,A,
10003270,11,,970100,Yoshida,N,A,
10003270,11,,970101,Muggleton,SH,A,
10003270,11,,970102,Lo,BPL,A,
10003270,11,,970103,Casale,G,A,
10003270,11,,970104,Cadar,C,A,
10003270,11,,970105,Zafeiriou,S,A,
10003270,11,,970106,Przulj,N,A,
10003270,11,,970107,Shanahan,MP,A,
10003270,11,,970108,Lee,S,A,
10003270,11,,970109,Rueckert,D,A,
10003270,11,,970110,Yang,G,A,
10003270,11,,970111,Gardner,PA,A,
10003270,11,,970112,Lomuscio,AR,A,
10003270,11,,970113,Maffeis,S,A,
10003270,11,,970114,Parpas,P,A,
10003270,11,,970115,Huth,MRA,A,
10003270,11,,970116,McCann,JA,A,
10003270,11,,970117,Uchitel,S,A,
10003270,11,,970118,Bradley,J,A,
10003270,11,,970119,Mencer,O,A,
10003270,11,,970120,Knottenbelt,WJ,A,
10003270,11,,970121,van Bakel,S,A,
10003270,11,,970122,Russo,AM,A,
10003270,11,,970123,Toni,F,A,
10003270,11,,970124,Lupu,EC,A,
10003270,11,,970125,Luk,W,A,
10003270,11,,970126,Edalat,A,A,
10003270,11,,970127,Guo,Y,A,
10003270,11,,970128,Kramer,J,A,
10003270,11,,970129,Harrison,PG,A,
10003270,11,,970130,Hankin,CL,A,
10003270,11,,970131,Sergot,MJ,A,
10003270,11,,970132,Sadri,F,A,
10003270,11,,970133,Rustem,B,A,
10003270,11,,970134,Hodkinson,I,A,
10003270,11,,970135,Kelly,PHJ,A,
10003270,11,,970136,Phillips,ICC,A,
10003270,11,,970137,Sloman,MS,A,
10003270,11,,970138,Dulay,N,A,
10003270,11,,970139,Drossopoulou,S,A,
10003270,11,,970140,Field,AJ,A,
10007767,11,,674973,Kitchenham,BA,A,
10007767,11,,674974,Brereton,OP,A,
10007767,11,,674975,Channon,AD,A,
10007767,11,,674976,Day,CR,A,
10007767,11,,674977,Linkman,SG,A,
10007767,11,,674978,Lam,KP,A,
10007150,11,,119147,Alexandridis,A,A,
10007150,11,,119148,Barnes,D J,A,
10007150,11,,119149,Barnes,F R M,A,
10007150,11,,119150,Boiten,E A,A,
10007150,11,,119151,Bowman,H,A,
10007150,11,,119152,Chadwick,D W,A,
10007150,11,,119153,Chitil,O,A,
10007150,11,,119154,Chu,D F,A,
10007150,11,,119155,Chua,L O,A,
10007150,11,,119156,De Lemos,R,A,
10007150,11,,119157,Fincher,S A,A,
10007150,11,,119158,Freitas,A A,A,
10007150,11,,119159,Hernandez Castro,J C,A,
10007150,11,,119160,Johnson,C G,A,
10007150,11,,119161,Jones,R E,A,
10007150,11,,119162,Kahrs,S M,A,
10007150,11,,119163,Kampouridis,M,A,
10007150,11,,119164,King,A M,A,
10007150,11,,119165,K?lling,M U,A,
10007150,11,,119166,Li,L,A,
10007150,11,,119167,Migliavacca,M,A,
10007150,11,,119168,Otero,F E B,A,
10007150,11,,119169,Owens,S A,A,
10007150,11,,119170,Rodgers,P J,A,
10007150,11,,119172,Sim,K M,A,
10007150,11,,119173,Thompson,S J,A,
10007150,11,,119174,Utting,I A,A,
10007150,11,,119175,Wang,F Z,A,
10007150,11,,119176,Welch,P H,A,
10007150,11,,230566,Kriener,J E,A,
10007150,11,,230583,Micallef,L,A,
10007150,11,,263744,Dimitrakos,T,A,
10003645,11,,962305,Miles,S.,A,
10003645,11,,962306,Modgil,S.,A,
10003645,11,,962307,Iliopoulos,C.,A,
10003645,11,,962308,Aghvami,A.,A,
10003645,11,,962309,Musial-Gabrys,K.,A,
10003645,11,,962310,Cooper,C.,A,
10003645,11,,962311,Chockler,H.,A,
10003645,11,,962312,Cvetkovic,Z.,A,
10003645,11,,962313,Zschaler,S.,A,
10003645,11,,962314,Vigano,L.,A,
10003645,11,,962315,Long,D.,A,
10003645,11,,962316,Liu,H.,A,
10003645,11,,962317,McBurney,P.,A,
10003645,11,,962318,Kosmas,P.,A,
10003645,11,,962319,Tratt,L.,A,
10003645,11,,962320,Black,E.,A,
10003645,11,,962321,Rodrigues,O.,A,
10003645,11,,962322,Mahmoodi,T.,A,
10003645,11,,962323,Coles,A.,A,
10003645,11,,962324,Pissis,S.,A,
10003645,11,,962325,Coles,A.,A,
10003645,11,,962326,Geffner,H.,A,
10003645,11,,962327,Magazzeni,D.,A,
10003645,11,,962328,Sastry,N.,A,
10003645,11,,962329,Fox,M.,A,
10003645,11,,962330,Urban,C.,A,
10003645,11,,962331,Tsoka,S.,A,
10003645,11,,962332,Dai,J.,A,
10003645,11,,962333,Howard,M.,A,
10003645,11,,962334,Nallanathan,A.,A,
10003645,11,,962335,Steinhofel,K.,A,
10003645,11,,962336,Althoefer,K.,A,
10003645,11,,962337,Friderikos,V.,A,
10003645,11,,962338,Nakhai,M.,A,
10003645,11,,962339,Radzik,T.,A,
10003645,11,,962340,Lam,H.,A,
10003645,11,,962341,Crochemore,M.,A,
10003645,11,,962342,Seneviratne,L.,A,
10003645,11,,962343,Lano,K.,A,
10003645,11,,962344,Nanayakkara,T.,A,
10003645,11,,962345,Kurucz,A.,A,
10003645,11,,962346,Dohler,M.,A,
10003645,11,,962347,Luck,M.,A,
10003645,11,,962348,Fernandez,M.,A,
10003645,11,,962349,Spratling,M.,A,
10003645,11,,962350,Shikh-Bahaei,M.,A,
10003678,11,,7113,Argyriou,V,A,
10003678,11,,19494,Dehmeshki,J,A,
10003678,11,,19497,Istepanian,R,A,
10003678,11,,19498,Jones,G A,A,
10003678,11,,19501,Makris,D,A,
10003678,11,,19502,Martini,M G,A,
10003678,11,,19503,Nebel,J,A,
10003678,11,,19507,Remagnino,P,A,
10003678,11,,19512,Duran,O,A,
10003678,11,,317836,Barman,S A,A,
10003678,11,,317838,Hatton,L,A,
10007768,11,,980218,Rowe,M.,A,
10007768,11,,980220,Roedig,U.,A,
10007768,11,,980222,Coulson,G.,A,
10007768,11,,980224,Blair,G.,A,
10007768,11,,980225,Hazas,M.,A,
10007768,11,,980226,Kim,K.,A,
10007768,11,,980228,Rashid,A.,A,
10007768,11,,980229,Angelov,P.,A,
10007768,11,,980231,Gellersen,H.,A,
10007768,11,,980232,Blair,L.,A,
10007768,11,,980234,Hutchison,D.,A,
10007768,11,,980235,Musavian,L.,A,
10007768,11,,980237,Davies,N.,A,
10007768,11,,980239,Ali Babar,M.,A,
10007768,11,,980240,Mihaylova,L.,A,
10007768,11,,980242,Lau,M.,A,
10007768,11,,980243,Porter,B.,A,
10007768,11,,980244,Friday,A.,A,
10007768,11,,980245,Alexander,J.,A,
10007768,11,,980246,Mathy,L.,A,
10007768,11,,980247,Such,J. M.,A,
10007768,11,,980248,Wang,Z.,A,
10007768,11,,980249,Sawyer,P.,A,
10007768,11,,980250,Race,N.,A,
10007768,11,,980251,Chopra,A.,A,
10007768,11,,980252,Mauthe,A.,A,
10007768,11,,980253,Zhao,J.,A,
10007768,11,,980254,Cheverst,K.,A,
10007768,11,,980255,Rukzio,E.,A,
10007768,11,,980256,Chatzigeorgiou,I.,A,
10007768,11,,980257,Mezini,M.,A,
10007768,11,,980258,Karnik,A.,A,
10007768,11,,980259,Rouncefield,M.,A,
10007768,11,,980260,Baron,A.,A,
10007768,11,,980261,Ni,Q.,A,
10007768,11,,980262,Whittle,J.,A,
10007795,11,,423271,Cohn,AG,A,
10007795,11,,423272,Hogg,DC,A,
10007795,11,,423273,Atwell,ES,A,
10007795,11,,423274,Lau,LMS,A,
10007795,11,,423275,Dyer,ME,A,
10007795,11,,423276,Jimack,PK,A,
10007795,11,,423277,Xu,J,A,
10007795,11,,423278,Hubbard,ME,A,
10007795,11,,423279,Duke,DJ,A,
10007795,11,,423280,Shakhlevich,NV,A,
10007795,11,,423281,Magee,DR,A,
10007795,11,,423282,Muller,H,A,
10007795,11,,423283,Dimitrova,VG,A,
10007795,11,,423284,Cohen,N,A,
10007795,11,,423285,Carr,HA,A,
10007795,11,,423286,Pretorius,AJ,A,
10007795,11,,423287,Beyersdorff,O,A,
10007795,11,,423288,Ruddle,RA,A,
10007795,11,,423289,Djemame,K,A,
10007795,11,,423290,Vuskovic,K,A,
10007795,11,,423291,Head,DA,A,
10007795,11,,423292,Markert,K,A,
10007795,11,,503971,Bulpitt,AJ,A,
10007795,11,,569797,Ranner,T,A,
10007795,11,,727475,Bollada,PC,A,
10007795,11,,727509,Michael,L,A,
10003861,11,,88146,Chang,V I,A,
10003861,11,,88147,Dastbaz,M,A,
10003861,11,,88148,Dixon,M B,A,
10003861,11,,88150,Fabri,M,A,
10003861,11,,88151,Guest,E,A,
10003861,11,,88153,Kor,A,A,
10003861,11,,88154,Pattinson,C,A,
10003861,11,,88155,Ramachandran,M,A,
10003861,11,,88156,Schreuders,Z C,A,
10007796,11,,215334,Thomas,RM,A,
10007796,11,,215335,Crole,RL,A,
10007796,11,,215336,Ulidowski,I,A,
10007796,11,,215337,de Vries,F,A,
10007796,11,,215338,Raman,R,A,
10007796,11,,215339,Hoffmann,M,A,
10007796,11,,215340,Kurz,AH,A,
10007796,11,,215341,Reiff-Marganiec,S,A,
10007796,11,,215342,Erlebach,TR,A,
10007796,11,,215343,Heckel,R,A,
10007796,11,,215344,Tuosto,E,A,
10007796,11,,215345,Fung,PY,A,
10007796,11,,215346,Law,L,A,
10007796,11,,215347,Boronat,A,A,
10007796,11,,215348,Ridge,TJ,A,
10007796,11,,215349,Walkinshaw,N,A,
10007796,11,,215350,Piterman,N,A,
10007796,11,,215351,Chitchyan,R,A,
10007796,11,,500167,Van Stee,R,A,
10007796,11,,539351,Petrisan,D,A,
10007151,11,,674239,Foster,D.,A,
10007151,11,,674240,Kirman,B.,A,
10007151,11,,674241,Lawson,S.,A,
10007151,11,,674242,Linehan,C.,A,
10007151,11,,674301,Anaxagoras,T.,A,
10007151,11,,674302,Bellotto,N.,A,
10007151,11,,674303,Duckett,T.,A,
10007151,11,,674304,Hanheide,M.,A,
10007151,11,,674305,Hunter,A.,A,
10007151,11,,674306,Lambrou,T.,A,
10007151,11,,674307,Martinez Mozos,O.,A,
10007151,11,,674308,Rowland,D.,A,
10007151,11,,674309,Tzimiropoulos,G.,A,
10007151,11,,674310,Ye,X.,A,
10007151,11,,708507,Al-Diri,B.,A,
10006842,11,,424807,Dunne,PE,A,
10006842,11,,424808,Potapov,I,A,
10006842,11,,424809,Konev,B,A,
10006842,11,,424810,Martin,RA,A,
10006842,11,,424811,Van der Hoek,W,A,
10006842,11,,424812,Payne,TR,A,
10006842,11,,424813,Wolter,F,A,
10006842,11,,424814,Savani,RSJ,A,
10006842,11,,424815,Wong,PW,A,
10006842,11,,424816,Kowalski,D,A,
10006842,11,,424817,Atkinson,KM,A,
10006842,11,,424818,Wojtczak,DK,A,
10006842,11,,424819,Krysta,PJ,A,
10006842,11,,424820,Schewe,S,A,
10006842,11,,424821,Gairing,M,A,
10006842,11,,424822,Christodoulou,G,A,
10006842,11,,424823,Deng,X,A,
10006842,11,,424825,Grossi,D,A,
10006842,11,,424826,Fisher,MD,A,
10006842,11,,424827,Gasieniec,LA,A,
10006842,11,,496408,Spirakis,PG,A,
10006842,11,,496409,Hernich,A,A,
10006842,11,,496410,Bollegala,D,A,
10006842,11,,496411,Tuyls,K,A,
10003956,11,,47862,Nagar,A,A,
10003956,11,,52598,Tawfik,H,A,
10003956,11,,52599,Reid,D,A,
10003956,11,,52600,Hu,J,A,
10003956,11,,52601,McAuley,M,A,
10003956,11,,381690,Foulkes,A,A,
10003956,11,,404060,Kirpichnikova,A,A,
10003957,11,,332454,El Rhalibi,A,A,
10003957,11,,332455,Etchells,T,A,
10003957,11,,332456,Hussain,A,A,
10003957,11,,332457,Jarman,IH,A,
10003957,11,,332458,Lisboa,PJG,A,
10003957,11,,332459,Llewellyn-Jones,D,A,
10003957,11,,332460,Merabti,MA,A,
10003957,11,,332461,Randles,MJ,A,
10003957,11,,332462,Shi,Q,A,
10003957,11,,579534,Cheng,H,A,
10007784,11,,712194,Hunter,A,A,
10007784,11,,712195,Cox,IJ,A,
10007784,11,,712196,Karp,BN,A,
10007784,11,,712197,Drobnjak,I,A,
10007784,11,,712198,Potts,HWW,A,
10007784,11,,712199,Blandford,AE,A,
10007784,11,,712200,Pontil,M,A,
10007784,11,,712201,Hawkes,DJ,A,
10007784,11,,712202,Weyrich,TA,A,
10007784,11,,712203,Letier,E,A,
10007784,11,,712204,Julier,S,A,
10007784,11,,712205,Severini,S,A,
10007784,11,,712206,Alexander,D,A,
10007784,11,,712207,Griffin,LD,A,
10007784,11,,712208,Berthouze,NL,A,
10007784,11,,712209,Emmerich,WJ,A,
10007784,11,,712210,Bryson,K,A,
10007784,11,,712211,Barratt,DC,A,
10007784,11,,712212,Kautz,J,A,
10007784,11,,712213,Cox,AL,A,
10007784,11,,712214,Betcke,MM,A,
10007784,11,,712215,Arridge,SR,A,
10007784,11,,712216,Li,Z,A,
10007784,11,,712217,Groth,J,A,
10007784,11,,712218,Finkelstein,ACW,A,
10007784,11,,712219,Jamieson,KAS,A,
10007784,11,,712220,Prince,SJD,A,
10007784,11,,712221,Herbster,MJ,A,
10007784,11,,712222,Brostow,GJ,A,
10007784,11,,712223,Mourao-Miranda,J,A,
10007784,11,,712224,Handley,MJ,A,
10007784,11,,712225,Ourselin,S,A,
10007784,11,,712226,Jones,DT,A,
10007784,11,,712227,Brumby,DPB,A,
10007784,11,,712228,Atkinson,D,A,
10007784,11,,712229,Steed,AJ,A,
10007784,11,,712230,Sasse,MA,A,
10007784,11,,712231,Barber,D,A,
10007784,11,,712232,Hirsch,RD,A,
10007784,11,,712233,Wang,J,A,
10007784,11,,712234,Shawe-Taylor,JS,A,
10007784,11,,712235,Hailes,SM,A,
10007784,11,,712236,Capra,L,A,
10007784,11,,712237,Zhang,H,A,
10007784,11,,712238,Silver,D,A,
10007784,11,,712239,Slater,M,A,
10007784,11,,712240,Gretton,AL,A,
10007784,11,,712241,Harman,M,A,
10007784,11,,712242,Yoo,S,A,
10007784,11,,712243,Clark,DJ,A,
10007784,11,,712244,Krinke,J,A,
10007784,11,,712245,Srinivasan,MA,A,
10007784,11,,712246,Mitra,N,A,
10007784,11,,712247,Stoyanov,D,A,
10007784,11,,712248,Marshall,PE,A,
10007784,11,,712249,Rogers,Y,A,
10007784,11,,712250,Cook,JB,A,
10007784,11,,712251,O'Hearn,PW,A,
10007784,11,,712252,Riedel,S,A,
10007784,11,,712253,Brotherston,J,A,
10007784,11,,712254,Alglave,J,A,
10007784,11,,712255,Navarro Perez,JA,A,
10007784,11,,712256,Aste,T,A,
10007784,11,,712257,Barr,E,A,
10007784,11,,712258,Yilmaz,E,A,
10007784,11,,712259,Marquardt,N,A,
10007784,11,,712260,Guadalupe Santos Lins Brandao,F,A,
10007784,11,,712261,Dessimoz,C,A,
10007784,11,,712262,Dillig,T,A,
10007784,11,,712263,Graepel,T,A,
10007784,11,,712264,Jin,B,A,
10007784,11,,712265,De Agapito Vicente,L,A,
10007784,11,,712266,Germano,G,A,
10007784,11,,712267,De Cristofaro,E,A,
10007784,11,,712268,Danezis,G,A,
10004048,11,,119245,Xue,Y,A,
10004048,11,,119246,Palmer-Brown,D,A,
10004048,11,,119247,Kazemian,H,A,
10004048,11,,348035,Virdee,B,A,
10004048,11,,350777,Wu,J,A,
10004048,11,,447254,Ouazzane,K,A,
10004113,11,,633442,Hinde,CJ,A,
10004113,11,,633443,Bez,HE,A,
10004113,11,,633444,Yousif,W,A,
10004113,11,,633445,Chung,PWH,A,
10004113,11,,633446,Hussak,W,A,
10004113,11,,633447,Phillips,IW,A,
10004113,11,,633448,Yang,S,A,
10004113,11,,633449,Edirisinghe,EA,A,
10004113,11,,633450,Salagean,AM,A,
10004113,11,,633451,Guan,L,A,
10004113,11,,633452,Meng,Q,A,
10004113,11,,633453,Fatima,SS,A,
10004113,11,,633454,Reidenbach,D,A,
10004113,11,,633455,Yang,H,A,
10004113,11,,633456,Schaefer,G,A,
10004113,11,,633457,Maennel,OM,A,
10004113,11,,633458,Glencross,M,A,
10004113,11,,633459,Bell,PC,A,
10007798,11,,840903,Mcnaught,J,A,
10007798,11,,840939,Ananiadou,S,A,
10007798,11,,840954,Keane,JA,A,
10007798,11,,840959,Zeng,X,A,
10007798,11,,841062,Nenadic,G,A,
10007798,11,,841072,Chen,K,A,
10007798,11,,841082,Knowles,JD,A,
10007798,11,,841112,Taylor,CJ,A,
10007798,11,,841126,Graham,J,A,
10007798,11,,841138,Lau,K,A,
10007798,11,,841139,Banach,RH,A,
10007798,11,,841153,Goble,CA,A,
10007798,11,,841157,Rydeheard,DE,A,
10007798,11,,841188,Garside,J,A,
10007798,11,,841189,Miles,JJ,A,
10007798,11,,841190,Pratt-Hartmann,I,A,
10007798,11,,841226,Lester,DR,A,
10007798,11,,841229,Furber,SB,A,
10007798,11,,841236,Riley,GD,A,
10007798,11,,841242,Cootes,TF,A,
10007798,11,,841317,Paton,NW,A,
10007798,11,,841347,Sakellariou,R,A,
10007798,11,,841375,Thacker,NA,A,
10007798,11,,841378,Stevens,RD,A,
10007798,11,,841431,Jay,CE,A,
10007798,11,,841444,Nutter,PW,A,
10007798,11,,841451,Fernandes,AAA,A,
10007798,11,,841454,Harper,S,A,
10007798,11,,841492,Korovin,K,A,
10007798,11,,841495,Twining,CJ,A,
10007798,11,,841498,Voronkov,A,A,
10007798,11,,841539,Zhang,N,A,
10007798,11,,841553,Schmidt,RA,A,
10007798,11,,841555,Lujan Moreno,MA,A,
10007798,11,,841568,Sattler,UM,A,
10007798,11,,841602,Embury,SM,A,
10007798,11,,841805,Brown,G,A,
10007798,11,,841936,Parsia,B,A,
10007798,11,,842038,Dongarra,J,A,
10007798,11,,842043,Pedrosa Mendes,PJ,A,
10007798,11,,842111,Navarro Lopez,EM,A,
10007798,11,,842221,Navaridas Palma,J,A,
10007798,11,,842242,Pavlidis,V,A,
10007798,11,,842249,King,RD,A,
10007798,11,,842388,Koch,D,A,
10007798,11,,842389,Pop,A,A,
10004180,11,,106660,Amos,MR,A,
10004180,11,,106684,Rybakov,V,A,
10004180,11,,106685,Yap,MH,A,
10004180,11,,106686,Han,L,A,
10004180,11,,106688,Li,B,A,
10004180,11,,108809,Costen,NP,A,
10004180,11,,108810,Crockett,KA,A,
10004180,11,,108811,O'Shea,JD,A,
10004180,11,,108812,Latham,AM,A,
10004180,11,,111604,Muyeba,MK,A,
10004180,11,,499808,Norling,EJ,A,
10004180,11,,708500,Hammoudeh,M,A,
10004351,11,,8506,Attfield,S,A,
10004351,11,,8507,Barn,B,A,
10004351,11,,8508,Belavkin,R,A,
10004351,11,,8509,Bornat,R,A,
10004351,11,,8510,Clark,T,A,
10004351,11,,8511,Comley,R,A,
10004351,11,,8512,Duquenoy,P,A,
10004351,11,,8513,Fields,B,A,
10004351,11,,8514,Gao,X,A,
10004351,11,,8515,Gemikonakli,O,A,
10004351,11,,8516,Ham,D,A,
10004351,11,,8517,Huyck,C,A,
10004351,11,,8518,Kammueller,F,A,
10004351,11,,8519,Loo,J,A,
10004351,11,,8520,Loomes,M,A,
10004351,11,,8521,Loureiro,R,A,
10004351,11,,8522,Mapp,G,A,
10004351,11,,8523,Mostarda,L,A,
10004351,11,,8524,Nguyen,H,A,
10004351,11,,8525,Passmore,P,A,
10004351,11,,8527,Raimondi,F,A,
10004351,11,,8528,Shah,P,A,
10004351,11,,8529,Shi,D,A,
10004351,11,,8530,Tizzard,A,A,
10004351,11,,8532,Wong,B.L.W,A,
10004351,11,,8533,Xu,K,A,
10004351,11,,8534,Zivanovic,A,A,
10004351,11,,8537,Walker,B,A,
10004351,11,,66132,Albrecht,A,A,
10004351,11,,66133,Augusto,J,A,
10004351,11,,66134,Boender,J,A,
10004351,11,,66135,Cheng,X,A,
10004351,11,,66136,Dafoulas,G,A,
10004351,11,,66137,Kotsia,I,A,
10004351,11,,66138,Lasebae,A,A,
10004351,11,,66140,Martin,B,A,
10004351,11,,66141,Nagarajan,R,A,
10004351,11,,66142,Yang,X,A,
10004351,11,,66145,Yang,Z,A,
10004351,11,,66146,Zhang,L,A,
10004351,11,,106662,Kim,E,A,
10004351,11,,109149,Gandhi,V,A,
10004351,11,,109150,Primiero,G,A,
10004351,11,,109151,Trestian,R,A,
10004351,11,,109152,Androutsopoulos,K,A,
10004351,11,,109153,Sakellari,G,A,
10004351,11,,109154,Chen,T,A,
10004351,11,,109155,Ghanem,M,A,
10004351,11,,109156,Zhou,S,A,
10004351,11,,109157,Gkorogiannis,N,A,
10004351,11,,109158,Ever,E,A,
10004351,11,,173154,Aiash,M,A,
10004351,11,,173159,Saleeb,N,A,
10004351,11,,174114,Karamanoglu,M,A,
10004351,11,,194654,Vien,Q,A,
10004351,11,,633460,Springett,M,A,
10007799,11,,729154,Yan,J,A,
10007799,11,,729155,Steggles,LJ,A,
10007799,11,,729156,Ezhilchelvan,PD,A,
10007799,11,,729157,Jones,CB,A,
10007799,11,,729158,van Moorsel,APA,A,
10007799,11,,729159,Mitrani,I,A,
10007799,11,,729160,Fitzgerald,JS,A,
10007799,11,,729161,Wipat,A,A,
10007799,11,,729162,Watson,P,A,
10007799,11,,729163,Romanovsky,A,A,
10007799,11,,729164,Thomas,NA,A,
10007799,11,,729165,Khomenko,VV,A,
10007799,11,,729166,Shrivastava,SK,A,
10007799,11,,729167,Kaiser,M,A,
10007799,11,,729168,Pietkiewicz-Koutny,M,A,
10007799,11,,729169,Koutny,MS,A,
10007799,11,,729170,Olivier,PL,A,
10007799,11,,729171,Ploetz,T,A,
10007799,11,,729172,Wright,PC,A,
10007799,11,,729173,Freitas,LJS,A,
10007799,11,,729174,Missier,P,A,
10007799,11,,729175,Balaam,M,A,
10007799,11,,729176,Hao,F,A,
10007799,11,,729177,Kirk,DS,A,
10007799,11,,729178,Gross,TR,A,
10007799,11,,729179,Harrison,MD,A,
10007799,11,,729180,Zuliani,P,A,
10007799,11,,729181,Krasnogor,N,A,
10001282,11,,138649,Aslam,N.,A,
10001282,11,,138650,Bouridane,A.,A,
10001282,11,,138651,Hossain,A.,A,
10001282,11,,138652,Jiang,Y.,A,
10001282,11,,138653,Jiang,R.M,A,
10001282,11,,138654,Jin,N.,A,
10001282,11,,138655,Khelifi,F.,A,
10001282,11,,138656,Shum,P.H,A,
10001282,11,,138657,Vickers,P.,A,
10001282,11,,138658,Yang,L.,A,
10001282,11,,138659,Zhang,L.,A,
10001282,11,,168748,Soler,J.P,A,
10001282,11,,266591,Boubchir,L.,A,
10007154,11,,289681,BENFORD,SD,A,
10007154,11,,289682,HUTTON,GM,A,
10007154,11,,289683,GREENHALGH,CM,A,
10007154,11,,289684,PRIDMORE,TP,A,
10007154,11,,289685,BAI,L,A,
10007154,11,,289686,ALECHINA,NA,A,
10007154,11,,289687,SCHNADELBACH,H,A,
10007154,11,,289688,BACKHOUSE,RC,A,
10007154,11,,289689,LOGAN,BS,A,
10007154,11,,289690,ALTENKIRCH,T,A,
10007154,11,,289691,QIU,G,A,
10007154,11,,289692,FLINTHAM,MD,A,
10007154,11,,289693,KOLEVA,BN,A,
10007154,11,,289694,RODDEN,TA,A,
10007154,11,,289695,CRABTREE,A,A,
10007154,11,,289697,QU,R,A,
10007154,11,,289698,LANDA SILVA,JD,A,
10007154,11,,289699,GARIBALDI,JM,A,
10007154,11,,289700,RENNICK EGGLESTONE,S,A,
10007154,11,,289701,AICKELIN,U,A,
10007154,11,,289702,NILSSON,NH,A,
10007154,11,,289703,TWYCROSS,JP,A,
10007154,11,,289704,BACARDIT,J,A,
10007154,11,,289705,PARKES,AJ,A,
10007154,11,,289706,FRENCH,AP,A,
10007154,11,,289707,SORIA,D,A,
10007154,11,,289708,SIEBERS,P,A,
10007154,11,,289709,CHAMBERLAIN,A,A,
10007154,11,,289710,ATKIN,JAD,A,
10007154,11,,289711,GREENSMITH,J,A,
10007154,11,,289712,BARGIELA,A,A,
10007154,11,,289714,OZCAN,E,A,
10007154,11,,289715,DE MAERE,G,A,
10007154,11,,289716,WALKER,B,A,
10007154,11,,289717,CAPRETTA,V,A,
10007154,11,,289718,MARSHALL,J,A,
10007154,11,,289719,MCAULEY,DR,A,
10007154,11,,289720,MORTIER,RM,A,
10007154,11,,289721,REEVES,ST,A,
10007154,11,,289722,TOLMIE,PD,A,
10007154,11,,289723,WAGNER,CH,A,
10007154,11,,289724,COUGHLAN,T,A,
10007154,11,,289725,LEHRE,PK,A,
10007154,11,,289726,WILSON,ML,A,
10007154,11,,289727,VALSTAR,MF,A,
10007154,11,,289728,JOHN,RI,A,
10007154,11,,432095,RADENKOVIC,MV,A,
10004797,11,,17929,Allen,TJ,A,
10004797,11,,17930,Brown,D,A,
10004797,11,,17931,Cant,RJ,A,
10004797,11,,17932,Evett,LJ,A,
10004797,11,,17933,Hetherington,T,A,
10004797,11,,17935,Langensiepen,CS,A,
10004797,11,,17936,Lotfi,A,A,
10004797,11,,17937,Ma,X,A,
10004797,11,,17940,Osman,TM,A,
10004797,11,,17941,Peytchev,ET,A,
10004797,11,,17942,Robinson,J,A,
10004797,11,,17943,Sherkat,N,A,
10004797,11,,447735,Acampora,G,A,
10004797,11,,447736,Wilmott,C,A,
10004797,11,,447737,Nolle,L,A,
10007773,11,,37633,Alani,H,A,
10007773,11,,37634,Bandara,AK,A,
10007773,11,,37637,d'Aquin,M,A,
10007773,11,,37639,De Roeck,AN,A,
10007773,11,,37640,Domingue,J,A,
10007773,11,,37641,Dooley,LS,A,
10007773,11,,37642,Fernandez,M,A,
10007773,11,,37643,Hall,JG,A,
10007773,11,,37644,Holland,S,A,
10007773,11,,37648,Laney,RC,A,
10007773,11,,37650,Mancini,C,A,
10007773,11,,37651,Mikroyannidis,A,A,
10007773,11,,37652,Minocha,S,A,
10007773,11,,37653,Motta,E,A,
10007773,11,,37655,Nuseibeh,BA,A,
10007773,11,,37657,Pedrinaci,C,A,
10007773,11,,37658,Petre,M,A,
10007773,11,,37660,Piwek,P,A,
10007773,11,,37661,Power,R,A,
10007773,11,,37662,Price,B,A,
10007773,11,,37665,Rueger,SM,A,
10007773,11,,37666,Scott,PJ,A,
10007773,11,,37668,Sharp,HC,A,
10007773,11,,37669,Song,D,A,
10007773,11,,37672,van der Linden,JAS,A,
10007773,11,,37674,Wermelinger,MA,A,
10007773,11,,37677,Willis,AG,A,
10007773,11,,37680,Yu,Y,A,
10007773,11,,37681,Zdrahal,Z,A,
10007773,11,,309343,Tun,TT,A,
10007773,11,,309493,Zisman,A,A,
10007773,11,,518325,De Liddo,A,A,
10007774,11,,714776,ROSCOE,AW,A,
10007774,11,,714839,GAVAGHAN,DJ,A,
10007774,11,,714942,JIROTKA,MDA,A,
10007774,11,,715010,ONG,CL,A,
10007774,11,,715017,DE MOOR,O,A,
10007774,11,,715059,DAVIES,JW,A,
10007774,11,,715087,CALINESCU,A,A,
10007774,11,,715116,PITT-FRANCIS,JM,A,
10007774,11,,715236,MARTIN,AP,A,
10007774,11,,715248,JEAVONS,PG,A,
10007774,11,,715250,GIBBONS,J,A,
10007774,11,,715286,LOWE,G,A,
10007774,11,,715297,PULMAN,SG,A,
10007774,11,,715301,ABRAMSKY,S,A,
10007774,11,,715308,CAVARRA,A,A,
10007774,11,,715363,SIMPSON,AC,A,
10007774,11,,715396,MELHAM,TF,A,
10007774,11,,715425,COECKE,B,A,
10007774,11,,715490,KER,AD,A,
10007774,11,,715569,OUAKNINE,J,A,
10007774,11,,715637,FLECHAIS,IA,A,
10007774,11,,715686,WORRELL,J,A,
10007774,11,,715691,GOTTLOB,G,A,
10007774,11,,715861,BENEDIKT,MA,A,
10007774,11,,715880,BURROWES,KS,A,
10007774,11,,715881,TRIGONI,A,A,
10007774,11,,715895,KWIATKOWSKA,MZ,A,
10007774,11,,715920,HINZE,RTW,A,
10007774,11,,715927,OLTEANU,DA,A,
10007774,11,,715933,HORROCKS,IR,A,
10007774,11,,715947,MOTIK,B,A,
10007774,11,,715956,KROENING,DHF,A,
10007774,11,,715973,BURRAGE,K,A,
10007774,11,,716007,CUENCA GRAU,B,A,
10007774,11,,716036,COOPER,JP,A,
10007774,11,,716052,MARKHAM,AC,A,
10007774,11,,716055,VICARY,JO,A,
10007774,11,,716110,MIRAMS,G,A,
10007774,11,,716194,BLUNSOM,PC,A,
10007774,11,,716239,WRIGHT,JAE,A,
10007774,11,,716241,LUKASIEWICZ,T,A,
10007774,11,,716286,FURCHE,TJ,A,
10007774,11,,716294,SCHALLHART,CK,A,
10007774,11,,716301,DE ROURE,DC,A,
10007774,11,,716305,KROETZSCH,M,A,
10007774,11,,716339,SANSONE,SA,A,
10007774,11,,716377,ORSI,G,A,
10007774,11,,716385,MINCHOLE,A,A,
10007774,11,,716415,CHEN,M,A,
10007774,11,,716416,YANG,H,A,
10007774,11,,716419,KIEFER,SM,A,
10007774,11,,716437,FIELD,D,A,
10007774,11,,716459,HEUNEN,CJM,A,
10007774,11,,716527,GOLDSMITH,MH,A,
10007774,11,,716553,CREESE,SJ,A,
10007774,11,,716566,MARTINOVIC,I,A,
10007774,11,,716621,WOOLDRIDGE,MJ,A,
10007774,11,,716668,O'HALLORAN,C,A,
10007774,11,,716687,KOUTSOUPIAS,E,A,
10007774,11,,716699,ABATE,A,A,
10007774,11,,716702,BARRETT,JS,A,
10007774,11,,716715,MINARY,P,A,
10007774,11,,716732,NIKITINA,N,A,
10007774,11,,716757,KHARLAMOV,E,A,
10007774,11,,716770,GOLDBERG,PW,A,
10007774,11,,716771,GOLDBERG,LA,A,
10007774,11,,716794,PREDOIU,L,A,
10007774,11,,716848,RASMUSSEN,KB,A,
10007774,11,,716873,PASECHNIK,DV,A,
10007774,11,,716892,CREMERS,CJF,A,
10007774,11,,716919,DE FREITAS,N,A,
10007774,11,,716926,ELKIND,E,A,
10007774,11,,716940,CARDELLI,LA,A,
10007774,11,,716965,GIBSON-ROBINSON,T,A,
10007774,11,,716991,FOREJT,V,A,
10007774,11,,716993,ZIVNY,S,A,
10004930,11,,85694,Bayley,I,A,
10004930,11,,85695,Crook,NT,A,
10004930,11,,85696,Cuzzolin,F,A,
10004930,11,,85698,Harrison,R,A,
10004930,11,,85700,Jabir,AM,A,
10004930,11,,85704,Younas,M,A,
10004930,11,,85705,Zhu,H,A,
10004930,11,,236477,Sengul,C,A,
10004930,11,,248244,Hartley,R,A,
10004930,11,,248245,Cheng,MM,A,
10004930,11,,248246,Steil,JJ,A,
10004930,11,,494002,Ou,S,A,
10004930,11,,526038,Sturgess,P,A,
10007801,11,,333909,Stuart,E J,A,
10007801,11,,333910,Culverhouse,P F,A,
10007801,11,,333911,Wennekers,T,A,
10007801,11,,333912,Belpaeme,T,A,
10007801,11,,333913,Marocco,D,A,
10007801,11,,333914,Cangelosi,A,A,
10007801,11,,333915,Bugmann,G V E,A,
10007801,11,,333916,Borisyuk,R,A,
10007801,11,,333917,Harris,C M,A,
10007801,11,,333918,Yang,C,A,
10007801,11,,333919,Rodrigues,S,A,
10007801,11,,333920,Metta,G,A,
10007801,11,,333921,Howard,I S,A,
10007801,11,,333922,Durstewitz,D,A,
10007155,11,,36944,Adda,M,A,
10007155,11,,36945,Ait-Boudaoud,D,A,
10007155,11,,36946,Aziz,BYY,A,
10007155,11,,36950,Cocea,M,A,
10007155,11,,36953,Jordanov,IN,A,
10007155,11,,36954,Ju,Z,A,
10007155,11,,36957,Liu,H,A,
10007155,11,,36978,Wang,H,A,
10007155,11,,117056,Yu,H,A,
10007155,11,,278810,Chiverton,JP,A,
10007155,11,,587993,Benkrid,A,A,
10007155,11,,588607,Frei,R,A,
10007155,11,,588609,Gegov,AE,A,
10007155,11,,588647,Prytherch,D,C,"Professor Prytherch is employed by Portsmouth Hospitals NHS Trust as a Consultant Clinical Scientist. His role is in the development of projects to further the Trust's research goals in the area of clinical outcome modelling, and particularly related to the gathering and analysis of vital signs data electronically.

From 2001-2006, he was seconded by PHT to the University (50% FTE) to work in (what is now called) the Centre for Healthcare Modelling and Informatics, and that relationship has continued to this day. From 2006-2008 he was a co-investigator (with Dr Jim Briggs) on a Knowledge Transfer Partnership with The Learning Clinic Ltd. He was made a Visiting Professor in 2011."
10007775,11,,236066,CAVALLARO,A,A,
10007775,11,,236067,OLIVA,PB,A,
10007775,11,,236068,RIIS,SM,A,
10007775,11,,236069,MARTIN,UHM,A,
10007775,11,,236070,MALACARIA,P,A,
10007775,11,,236071,CURZON,P,A,
10007775,11,,236072,XIANG,T,A,
10007775,11,,236073,MCOWAN,PW,A,
10007775,11,,236074,HEALEY,PGT,A,
10007775,11,,236075,GONG,SS,A,
10007775,11,,236076,NEIL,MD,A,
10007775,11,,236077,FENTON,NE,A,
10007775,11,,236078,HANSARD,M,A,
10007775,11,,236079,CUADRADO,F,A,
10007775,11,,236080,PEARCE,MT,A,
10007775,11,,236081,TAUTSCHNIG,M,A,
10007775,11,,236082,WIGGINS,GA,A,
10007775,11,,236083,HOSPEDALES,T,A,
10007775,11,,236084,SONG,Y,A,
10007775,11,,236085,HADDADI,H,A,
10007775,11,,236086,PURVER,MRJ,A,
10007775,11,,236087,DISTEFANO,D,A,
10007775,11,,236088,HSU,A,A,
10007775,11,,236089,UHLIG,SP,A,
10007775,11,,236090,FERNANDO,CT,A,
10007775,11,,236091,SADRZADEH,M,A,
10007775,11,,236092,MA,HI,A,
10007775,11,,236093,TZEVELEKOS,NP,A,
10007775,11,,295948,WHERTON,J,A,
10007775,11,,619353,YORSH,G,A,
10007775,11,,619354,DANON,L,A,
10005553,11,,860605,Stathis,K.,A,
10005553,11,,860606,Paterson,K.,A,
10005553,11,,860607,Cavallaro,L.,A,
10005553,11,,860608,Luo,Z.,A,
10005553,11,,860609,Watkins,C.,A,
10005553,11,,860610,Shanahan,H.,A,
10005553,11,,860611,Martin,K. M.,A,
10005553,11,,860612,Fiadeiro,J. L.,A,
10005553,11,,860613,Kalnishkan,Y.,A,
10005553,11,,860614,Cohen,D.,A,
10005553,11,,860615,Scott,E.,A,
10005553,11,,860616,Hague,M.,A,
10005553,11,,860617,Crampton,J.,A,
10005553,11,,860618,Chockler,G.,A,
10005553,11,,860619,Gutin,G.,A,
10005553,11,,860620,Wahlström,M.,A,
10005553,11,,860621,Cid,C.,A,
10005553,11,,860622,Kinder,J.,A,
10005553,11,,860623,Paccanaro,A.,A,
10005553,11,,860624,Denielou,P.,A,
10005553,11,,860625,Vovk,V.,A,
10005553,11,,860626,Gammerman,A.,A,
10005553,11,,860627,Murphy,S.,A,
10005553,11,,860628,Luo,Z.,A,
10005553,11,,860629,Legay,A.,A,
10005553,11,,860630,Johnstone,A.,A,
10007156,11,,157461,Cooper,GS,A,
10007156,11,,157482,Vadera,SB,A,
10007156,11,,157483,Meziane,F,A,
10007156,11,,157485,Saraee,MH,A,
10007156,11,,157486,Roberts,DJ,A,
10007156,11,,157492,Mei,TX,A,
10007156,11,,157616,Davis,ST,A,
10007156,11,,216750,Nefti-Meziana,S,A,
10007156,11,,423572,Alani,OYK,A,
10007156,11,,423573,Antonacopoulos,A,A,
10007156,11,,423574,Aspin,R,A,
10007156,11,,423579,Tumula,DP,A,
10007156,11,,769318,Theodoridis,T,A,
10007157,11,,92642,Watton,P,A,
10007157,11,,93019,Barker,JP,A,
10007157,11,,93020,Bogdanov,KE,A,
10007157,11,,93021,Bontcheva,KL,A,
10007157,11,,93022,Brown,GJ,A,
10007157,11,,93023,Ciravegna,F,A,
10007157,11,,93024,Clayton,RH,A,
10007157,11,,93025,Cohn,TA,A,
10007157,11,,93026,Cunningham,H,A,
10007157,11,,93027,Derrick,J,A,
10007157,11,,93028,Fraser,G,A,
10007157,11,,93029,Gaizauskas,RJ,A,
10007157,11,,93030,Gheorghe,M,A,
10007157,11,,93031,Hain,T,A,
10007157,11,,93032,Harders,M,A,
10007157,11,,93033,Hepple,MR,A,
10007157,11,,93034,Lawrence,N,A,
10007157,11,,93036,Marshall,J,A,
10007157,11,,93037,McMinn,PS,A,
10007157,11,,93038,Moore,RK,A,
10007157,11,,93039,Specia,L,A,
10007157,11,,93040,Stevenson,RM,A,
10007157,11,,93041,Struth,G,A,
10007157,11,,93042,Sudholt,D,A,
10007157,11,,93043,Vasilaki,E,A,
10007157,11,,93044,Walker,DC,A,
10007157,11,,350609,Hensman,J,A,
10007157,11,,350610,Oliveto,P,A,
10007157,11,,350616,Winkler,JR,A,
10007157,11,,350617,Maddock,SC,A,
10007157,11,,532564,Romano,DM,A,
10007158,11,,986014,ROGERS,AC,A,
10007158,11,,986015,MARTINEZ,K,A,
10007158,11,,986016,POPPLETON,MR,A,
10007158,11,,986017,HALL,W,A,
10007158,11,,986018,PRUGEL-BENNETT,A,A,
10007158,11,,986019,BERNERS-LEE,T,A,
10007158,11,,986020,ZALUSKA,EJ,A,
10007158,11,,986021,WEAL,MJ,A,
10007158,11,,986022,MOREAU,L,A,
10007158,11,,986023,LEWIS,PH,A,
10007158,11,,986024,CARR,LA,A,
10007158,11,,986025,PARLATO,G,A,
10007158,11,,986026,JENNINGS,NR,A,
10007158,11,,986027,SCHRAEFEL,M,A,
10007158,11,,986028,TIROPANIS,A,A,
10007158,11,,986029,RATHKE,J,A,
10007158,11,,986030,GUNN,SR,A,
10007158,11,,986031,NOBLE,J,A,
10007158,11,,986032,GERDING,EH,A,
10007158,11,,986033,ZAUNER,K,A,
10007158,11,,986034,RAHWAN,T,A,
10007158,11,,986035,BREDE,M,A,
10007158,11,,986036,DAMPER,RI,A,
10007158,11,,986037,WILLS,GB,A,
10007158,11,,986038,BUTLER,MJ,A,
10007158,11,,986039,RAMCHURN,SD,A,
10007158,11,,986040,MILLARD,DE,A,
10007158,11,,986041,WALD,M,A,
10007158,11,,986042,SHADBOLT,NR,A,
10007158,11,,986043,BULLOCK,S,A,
10007158,11,,986044,FISCHER,B,A,
10007158,11,,986045,CARTER,JN,A,
10007158,11,,986046,HARNAD,SR,A,
10007158,11,,986047,ELLIOTT,T,A,
10007158,11,,986048,NIRANJAN,M,A,
10007158,11,,986049,STEIN,S,A,
10007158,11,,986050,COSTANZA,E,A,
10007158,11,,986051,GIBBINS,NM,A,
10007158,11,,986052,DYKE,J,A,
10007158,11,,986053,WATSON,RA,A,
10007158,11,,986054,SASSONE,V,A,
10007158,11,,986055,SOBOCINSKI,P,A,
10007158,11,,986056,O'HARA,KM,A,
10007158,11,,986057,DASMAHAPATRA,S,A,
10007158,11,,986058,CIRSTEA,C,A,
10007158,11,,986059,POLUKAROV,M,A,
10007158,11,,986060,SIMPERL,E,A,
10007158,11,,986061,TRIBASTONE,M,A,
10006299,11,,46808,Atkins,A,A,
10006299,11,,46809,Chibelushi,C.C.,A,
10006299,11,,46810,Eardley,W,A,
10006299,11,,46826,Hasan,M,A,
10006299,11,,46827,Mills,S,A,
10006299,11,,46836,Sharp,B,A,
10006299,11,,46839,Trigg,D,A,
10006299,11,,46841,Wu,W,A,
10006299,11,,166013,Benkhelifa,E,A,
10007159,11,,23006,Bowerman,G,A,
10007159,11,,23007,Davies,M,A,
10007159,11,,23008,Edwards,H,A,
10007159,11,,23009,Hall,L,A,
10007159,11,,23010,Jones,S,A,
10007159,11,,23011,McDonald,S,A,
10007159,11,,23013,Davinson,N,A,
10007159,11,,23015,Humphries,L,A,
10007159,11,,23017,McGarry,K,A,
10007159,11,,23019,Panchev,C,A,
10007159,11,,23022,Warrender,R,A,
10007159,11,,245341,Hagan,D,A,
10007159,11,,245342,Tazzyman,S,A,
10007159,11,,602660,Smith,P,A,
10007159,11,,602661,Garfield,S,A,
10007160,11,,405226,Tang,H,A,
10007160,11,,405227,Casey,M,A,
10007160,11,,405228,Cheong Took,C,A,
10007160,11,,405229,Frohlich,D,A,
10007160,11,,405230,Gillam,L,A,
10007160,11,,405231,Heather,J,A,
10007160,11,,405232,Ho,A,A,
10007160,11,,405233,Jiang,J,A,
10007160,11,,405234,Jin,Y,A,
10007160,11,,405235,Krause,P,A,
10007160,11,,405236,Li,S,A,
10007160,11,,405237,Manulis,M,A,
10007160,11,,405238,Moschoyiannis,S,A,
10007160,11,,405239,Poh,N,A,
10007160,11,,405240,Sanei,S,A,
10007160,11,,405241,Schneider,S,A,
10007160,11,,405242,Treharne,H,A,
10007160,11,,655179,Cruickshank,H,A,
10007160,11,,769313,Clark,J,A,
10007160,11,,792835,Gruning,A,A,
10007806,11,,980197,Beloff,NN,A,
10007806,11,,980198,Reus,BG,A,
10007806,11,,980199,Husbands,P,A,
10007806,11,,980200,Berger,MF,A,
10007806,11,,980201,Barrett,AB,A,
10007806,11,,980202,Tate,AR,A,
10007806,11,,980203,Good,JA,A,
10007806,11,,980204,Berthouze,L,A,
10007806,11,,980205,Nowotny,T,A,
10007806,11,,980206,Seth,AK,A,
10007806,11,,980207,Philippides,AO,A,
10007806,11,,980208,Thornton,CJ,A,
10007806,11,,980209,Boden,MA,A,
10007806,11,,980210,Weir,DJ,A,
10007806,11,,980211,White,M,A,
10007806,11,,980212,Obrist,M,A,
10007161,11,,259019,Bosser,AG,A,
10007161,11,,259020,Cavazza,MO,A,
10007161,11,,259021,Charles,F,A,
10007161,11,,259022,Ferreira,JF,A,
10007161,11,,259023,Gilroy,SW,A,
10007161,11,,259024,Gregory,P,A,
10007161,11,,259025,Porteous,JM,A,
10007161,11,,259026,Qin,S,A,
10007161,11,,259031,Truran,MA,A,
10007161,11,,259032,van Schaik,P,A,
10007161,11,,259033,Ventre,C,A,
10007161,11,,259034,Zeng,Y,A,
10007161,11,,296830,Read,JL,A,
10007163,11,,74956,Kral,D,A,
10007163,11,,75024,Cormode,G,A,
10007163,11,,75026,Czumaj,A,A,
10007163,11,,75027,Englert,M,A,
10007163,11,,75028,Feng,J,A,
10007163,11,,75030,He,L,A,
10007163,11,,75031,Jarvis,S A,A,
10007163,11,,75033,Joy,M S,A,
10007163,11,,75034,Jurdzinski,M,A,
10007163,11,,75036,Lazic,R S,A,
10007163,11,,75037,Leeke,M,A,
10007163,11,,75038,Li,C,A,
10007163,11,,75039,Liakata,M,A,
10007163,11,,75040,Lu,W,A,
10007163,11,,75041,Martin,G R,A,
10007163,11,,75043,Murawski,A S,A,
10007163,11,,75044,Procter,R N,A,
10007163,11,,75045,Rajpoot,N M,A,
10007163,11,,75046,Rolls,E T,A,
10007163,11,,75048,Sanchez Silva,V F,A,
10007163,11,,75050,Sviridenko,M I,A,
10007163,11,,75051,Timofeeva,Y,A,
10007163,11,,75052,Tiskin,A,A,
10007163,11,,214865,Ciucu,F,A,
10007163,11,,309496,Paterson,M,A,
10007163,11,,443507,Ene,A,A,
10007164,11,,7753,Odeh,M,A,
10007164,11,,47172,Adamatzky,A,A,
10007164,11,,47173,Bull,L,A,
10007164,11,,47174,McClatchey,RH,A,
10007164,11,,47175,Melhuish,CR,A,
10007164,11,,47176,Pipe,AG,A,
10007164,11,,47177,Scarle,S,A,
10007164,11,,47178,Simons,CL,A,
10007164,11,,47179,Smith,JE,A,
10007164,11,,47180,De Lacy Costello,BP,A,
10007164,11,,47181,Ieropoulos,I,A,
10007164,11,,47182,Liaquat,S,A,
10007164,11,,47183,Pearson,MJ,A,
10007164,11,,47184,Winfield,AFT,A,
10007164,11,,112643,Jones,J,A,
10006566,11,,696873,Abdelnour-Nocera,J,A,
10006566,11,,696874,Jie,W,A,
10006566,11,,696875,Komisarczuk,P,A,
10006566,11,,696876,Moore,J,A,
10006566,11,,696878,Roth-Berghofer,T,A,
10006566,11,,696881,Oussena,S,A,
10006566,11,,696883,Rigas,D,A,
10006566,11,,696884,Sauer,C,A,
10006566,11,,696885,Fotaris,P,A,
10006566,11,,696886,Rosunally,Y,A,
10007165,11,,240269,Al-Janabi,M.,A,
10007165,11,,240270,Angelopoulou,A.,A,
10007165,11,,240271,Bolotov,A.,A,
10007165,11,,240273,Budimir,D.,A,
10007165,11,,240274,Chaussalet,T.,A,
10007165,11,,240277,Coskun,A.,A,
10007165,11,,240280,Economou,D.,A,
10007165,11,,240281,El-Darzi,E.,A,
10007165,11,,240282,Getov,V.,A,
10007165,11,,240285,Kacsuk,P.,A,
10007165,11,,240286,Kale,I.,A,
10007165,11,,240287,Kapetanios,E.,A,
10007165,11,,240288,Kiss,T.,A,
10007165,11,,240289,Kodogiannis,V.,A,
10007165,11,,240292,Psarrou,A.,A,
10007165,11,,240293,Tarczynski,A.,A,
10007165,11,,240294,Terstyanszky,G.,A,
10007165,11,,240295,Triantaphillidou,S.,A,
10007165,11,,243114,Megson,G.,A,
10007165,11,,243116,Winter,S.,A,
10007165,11,,378924,Howells,P.,A,
10007167,11,,979498,Oriol,M. Y. A.,A,
10007167,11,,979499,Clark,J. A.,A,
10007167,11,,979500,McDermid,J. A.,A,
10007167,11,,979501,Austin,J.,A,
10007167,11,,979502,Cussens,J.,A,
10007167,11,,979503,Soares Indrusiak,L.,A,
10007167,11,,979504,Cowling,P. I.,A,
10007167,11,,979505,Stepney,S.,A,
10007167,11,,979506,Pirandola,S.,A,
10007167,11,,979507,Dodds,M.,A,
10007167,11,,979508,Wilson,R. C.,A,
10007167,11,,979509,Rose,L. M.,A,
10007167,11,,979510,Runciman,C.,A,
10007167,11,,979511,Chivers,H. R.,A,
10007167,11,,979512,Hancock,E. R.,A,
10007167,11,,979513,Kudenko,D.,A,
10007167,11,,979514,Frisch,A. M.,A,
10007167,11,,979515,Cavalcanti,A. L. C.,A,
10007167,11,,979516,Wellings,A. J.,A,
10007167,11,,979517,Kolovos,D.,A,
10007167,11,,979518,Burns,A.,A,
10007167,11,,979519,Audsley,N. C.,A,
10007167,11,,979520,Plump,D. J.,A,
10007167,11,,979521,O'Keefe,S. E. M.,A,
10007167,11,,979522,Bors,A. G.,A,
10007167,11,,979523,Pears,N. E.,A,
10007167,11,,979524,Woodcock,J. C. P.,A,
10007167,11,,979525,Cairns,P. A.,A,
10007167,11,,979526,Davis,R. I.,A,
10007167,11,,979527,Braunstein,S. L.,A,
10007167,11,,979528,Manandhar,S. K.,A,
10007167,11,,979529,Paige,R. F.,A,
10007167,11,,979530,Smith,W. A. P.,A,
10007167,11,,979531,Kazakov,D. L.,A,
10007167,11,,979532,Power,C. D.,A,
10007167,11,,979533,Bate,I. J.,A,
10007783,11,,978814,Norman,T. J.,A,
10007783,11,,978815,Masthoff,J.,A,
10007783,11,,978816,Kollingbaum,M.,A,
10007783,11,,978817,Mellish,C. S.,A,
10007783,11,,978818,Guerin,F.,A,
10007783,11,,978819,Sycara,K. P.,A,
10007783,11,,978820,Coghill,G. M.,A,
10007783,11,,978821,Siddharthan,A.,A,
10007783,11,,978822,Sripada,G. S.,A,
10007783,11,,978823,Pang,W.,A,
10007783,11,,978824,van Deemter,K.,A,
10007783,11,,978825,Collinson,M. J.,A,
10007783,11,,978826,Pym,D. J.,A,
10007783,11,,978827,Lin,C.,A,
10007783,11,,978828,Oren,N.,A,
10007783,11,,978830,Reiter,E. B.,A,
10007783,11,,978832,Pan,J. Z.,A,
10007783,11,,978833,Wyner,A. Z.,A,
10007783,11,,978836,Vasconcelos,W. W.,A,
10007783,11,,978837,Edwards,P.,A,
10007852,11,,914942,Reed,C.,A,
10007852,11,,914943,Komendantskaya,K.,A,
10007852,11,,914944,Hanson,V.,A,
10007852,11,,914945,Flatla,D.,A,
10007852,11,,914946,McKenna,S.,A,
10007852,11,,914947,Waller,A.,A,
10007852,11,,914948,Budzynska,K.,A,
10007852,11,,914949,Gaboardi,M.,A,
10007852,11,,914950,Pease,A.,A,
10007852,11,,914951,Trucco,E.,A,
10007852,11,,914952,Petrie,K.,A,
10007852,11,,914953,Zhang,J.,A,
10007852,11,,914954,Moncur,W.,A,
10007790,11,,798855,Fleuriot,J.,A,
10007790,11,,798856,Fisher,R.,A,
10007790,11,,798857,Libkin,L.,A,
10007790,11,,798858,Ferrari,V.,A,
10007790,11,,798859,Lavrenko,V.,A,
10007790,11,,798860,Fan,W.,A,
10007790,11,,798861,Lapata,M.,A,
10007790,11,,798862,Komura,T.,A,
10007790,11,,798863,Etessami,K.,A,
10007790,11,,798864,Koehn,P.,A,
10007790,11,,798865,Lucas,C.,A,
10007790,11,,798866,Klein,E.,A,
10007790,11,,798867,Diakonikolas,I.,A,
10007790,11,,798868,Keller,F.,A,
10007790,11,,798869,Danos,V.,A,
10007790,11,,798870,Arapinis,M.,A,
10007790,11,,798871,Goryanin,I.,A,
10007790,11,,798872,Kashefi,E.,A,
10007790,11,,798873,Gordon,A.,A,
10007790,11,,798874,Kalorkoti,K.,A,
10007790,11,,798875,Sarkar,R.,A,
10007790,11,,798876,Goldwater,S.,A,
10007790,11,,798877,Jackson,P.,A,
10007790,11,,798878,Galpin,V.,A,
10007790,11,,798879,Lee,M.,A,
10007790,11,,798880,Hillston,J.,A,
10007790,11,,798881,Gilmore,S.,A,
10007790,11,,798882,Herrmann,M.,A,
10007790,11,,798883,Hennig,M.,A,
10007790,11,,798884,Franke,B.,A,
10007790,11,,798885,Dubach,C.,A,
10007790,11,,798886,Grover,C.,A,
10007790,11,,798887,Fourman,M.,A,
10007790,11,,798888,Bednar,J.,A,
10007790,11,,798889,Ramamoorthy,S.,A,
10007790,11,,798890,Bishop,C.,A,
10007790,11,,798891,Renals,S.,A,
10007790,11,,798892,Aspinall,D.,A,
10007790,11,,798893,Plotkin,G.,A,
10007790,11,,798894,Atkinson,M.,A,
10007790,11,,798895,Osborne,M.,A,
10007790,11,,798896,Armstrong,J.D.,A,
10007790,11,,798897,Pain,H.,A,
10007790,11,,798898,Arvind,D. K.,A,
10007790,11,,798899,O'Boyle,M.,A,
10007790,11,,798900,Anderson,P.,A,
10007790,11,,798901,Oberlander,J.,A,
10007790,11,,798902,Anderson,S.,A,
10007790,11,,798903,Cole,M.,A,
10007790,11,,798904,Murray,I.,A,
10007790,11,,798905,Cryan,M.,A,
10007790,11,,798906,Nagarajan,V.,A,
10007790,11,,798907,Schweizer,P.,A,
10007790,11,,798908,Wolters,M.,A,
10007790,11,,798909,Cheney,J.,A,
10007790,11,,798910,Chli,M.,A,
10007790,11,,798911,Patras,P.,A,
10007790,11,,798912,Moore,J.,A,
10007790,11,,798913,Buneman,P.,A,
10007790,11,,798914,Mayr,R.,A,
10007790,11,,798915,Chen-Burger,Y.,A,
10007790,11,,798916,Longley,J.,A,
10007790,11,,798917,Fallon,M.,A,
10007790,11,,798918,Bradfield,J.,A,
10007790,11,,798919,Marina,M.,A,
10007790,11,,798920,Bundy,A.,A,
10007790,11,,798921,Stirling,C.,A,
10007790,11,,798922,Petrick,R.,A,
10007790,11,,798923,Stevens,P.,A,
10007790,11,,798924,Sutton,C.,A,
10007790,11,,798925,Storkey,A.,A,
10007790,11,,798926,Simpson,I.,A,
10007790,11,,798927,Smaill,A.,A,
10007790,11,,798928,Simpson,A.,A,
10007790,11,,798929,Steedman,M.,A,
10007790,11,,798930,Stark,I.,A,
10007790,11,,798931,Santhanam,R.,A,
10007790,11,,798932,Cohen,S.,A,
10007790,11,,798933,Sannella,D.,A,
10007790,11,,798934,Shimodaira,H.,A,
10007790,11,,798935,McKinna,J.,A,
10007790,11,,798936,Series,P.,A,
10007790,11,,798937,Robertson,D.,A,
10007790,11,,798938,Richmond,K.,A,
10007790,11,,798939,Leather,H.,A,
10007790,11,,798940,Sanguinetti,G.,A,
10007790,11,,798941,Rovatsos,M.,A,
10007790,11,,798942,Yamagishi,J.,A,
10007790,11,,798943,Grot,B.,A,
10007790,11,,798944,Webber,B.,A,
10007790,11,,798945,Wickler,G.,A,
10007790,11,,798946,Williams,C.,A,
10007790,11,,798947,Willshaw,D.,A,
10007790,11,,798948,Aylett,M.,A,
10007790,11,,798949,Viglas,S.,A,
10007790,11,,798950,Vijayakumar,S.,A,
10007790,11,,798951,Wadler,P.,A,
10007790,11,,798952,Maneth,S.,A,
10007790,11,,798953,Webb,B.,A,
10007790,11,,798954,Tate,A.,A,
10007790,11,,798955,Rajan,A.,A,
10007790,11,,798956,Thorne,T.,A,
10007790,11,,798957,Thompson,H.,A,
10007790,11,,798958,Topham,N.,A,
10007772,11,,319964,Al Dubai,A,A,
10007772,11,,319965,Benyon,D,A,
10007772,11,,319966,Buchanan,W,A,
10007772,11,,319967,Chalmers,K,A,
10007772,11,,319968,Hart,E,A,
10007772,11,,319969,Kennedy,J,A,
10007772,11,,319971,Liu,X,A,
10007772,11,,319973,Paechter,B,A,
10007772,11,,319974,Romdhani,I,A,
10007772,11,,319976,Turner,P,A,
10007772,11,,319977,Turner,S,A,
10007772,11,,625089,Mitchell,K,A,
10007794,11,,367660,Azzopardi,L,A,
10007794,11,,367661,Calder,M,A,
10007794,11,,367662,Sevegnani,M,A,
10007794,11,,367663,Pezaros,D,A,
10007794,11,,367664,Storer,T,A,
10007794,11,,367665,Norman,G,A,
10007794,11,,367666,Mackenzie,L,A,
10007794,11,,367667,Vinciarelli,A,A,
10007794,11,,367668,Filippone,M,A,
10007794,11,,367669,Singer,J,A,
10007794,11,,367670,White,D,A,
10007794,11,,367671,Tso,F,A,
10007794,11,,367672,Johnson,C,A,
10007794,11,,367673,Siebert,J,A,
10007794,11,,367674,Cutts,Q,A,
10007794,11,,367675,Brewster,S,A,
10007794,11,,367676,Miller,A,A,
10007794,11,,367677,Cockshott,W,A,
10007794,11,,367678,Chalmers,M,A,
10007794,11,,367679,Vanderbauwhede,W,A,
10007794,11,,367680,Perkins,C,A,
10007794,11,,367681,Jose,J,A,
10007794,11,,367682,Manlove,D,A,
10007794,11,,367683,Murray-Smith,R,A,
10007794,11,,367684,Ounis,I,A,
10007794,11,,367685,Gay,S,A,
10007794,11,,367686,Prosser,P,A,
10007794,11,,367687,Purchase,H,A,
10007794,11,,367688,Renaud,K,A,
10007794,11,,367689,Williamson,JH,A,
10007794,11,,367690,Sventek,J,A,
10007794,11,,367691,Sinnott,R,A,
10007794,11,,367692,O'Donnell,J,A,
10007794,11,,367693,Rogers,S,A,
10007794,11,,367694,Mcgee-Lennon,M,A,
10007794,11,,367695,Trinder,P,A,
10007794,11,,367696,Omoronyia,I,A,
10007794,11,,367697,Triantafillou,P,A,
10007794,11,,367698,Macdonald,C,A,
10007794,11,,422168,Vazquez-Alvarez,Y,A,
10007794,11,,422171,Williamson,JR,A,
10007794,11,,422190,Ntarmos,N,A,
10007794,11,,699514,Maier,P,A,
10007762,11,,988402,Cassidy,G.,A,
10007762,11,,988403,Halvey,M.,A,
10007762,11,,988404,Baillie,L.,A,
10007762,11,,988405,Buggy,T.,A,
10007762,11,,988406,Knox,D.,A,
10007762,11,,988407,Ahmadinia,A.,A,
10007762,11,,988408,Kayacik,H. G.,A,
10007762,11,,988409,Charissis,V.,A,
10007762,11,,988410,Tianfield,H.,A,
10007762,11,,988411,Just,M.,A,
10007762,11,,988412,Pranggono,B.,A,
10007762,11,,988413,Crossan,A.,A,
10007762,11,,988414,Shahrabi-Farahani,A.,A,
10007764,11,,820959,Chen-Burger,Y.,A,
10007764,11,,820960,Ireland,A.,A,
10007764,11,,820961,Aylett,R.,A,
10007764,11,,820962,Gray,A. J. G.,A,
10007764,11,,820963,Vargas,P. A.,A,
10007764,11,,820964,Wright Hastie,H.,A,
10007764,11,,820965,Rieser,V.,A,
10007764,11,,820966,Kamareddine,F. D.,A,
10007764,11,,820967,Lohan,K. S.,A,
10007764,11,,820968,Taylor,N. K.,A,
10007764,11,,820969,De Wilde,P.,A,
10007764,11,,820970,Taylor,H.,A,
10007764,11,,820971,McNeill,F.,A,
10007764,11,,820972,Louchart,S.,A,
10007764,11,,820973,Gabbay,M.,A,
10007764,11,,820974,Fensch,C.,A,
10007764,11,,820975,Grov,G.,A,
10007764,11,,820976,Robertson,J.,A,
10007764,11,,820977,Michaelson,G. J.,A,
10007764,11,,820978,Corne,D.,A,
10007764,11,,820979,Burger,A. G.,A,
10007764,11,,820980,Williams,M. H.,A,
10007764,11,,820981,McGookin,D. K.,A,
10007764,11,,820982,Chantler,M.,A,
10007764,11,,820983,Loidl,H.,A,
10007764,11,,820984,Scholz,S.,A,
10007764,11,,820985,Wells,J. B.,A,
10007764,11,,820986,Lemon,O.,A,
10007764,11,,820987,Lones,M. A.,A,
10005500,11,,399628,Allison,I,A,
10005500,11,,399629,Arana,I,A,
10005500,11,,399630,Bass,J,A,
10005500,11,,399631,Craw,S,A,
10005500,11,,399632,Doolan,D,A,
10005500,11,,399633,Elyan,E,A,
10005500,11,,399634,Gaber,M,A,
10005500,11,,399635,Glassey,R,A,
10005500,11,,399636,Goker,A,A,
10005500,11,,399637,Holt,P,A,
10005500,11,,399638,Kannangara,S,A,
10005500,11,,399639,Lothian,R,A,
10005500,11,,399640,Macleod,C,A,
10005500,11,,399641,Massie,S,A,
10005500,11,,399642,McCall,J,A,
10005500,11,,399643,Petrovski,A,A,
10005500,11,,399644,Tu,W,A,
10005500,11,,399645,Wiratunga,N,A,
10005500,11,,399646,Zhao,Y,A,
10007803,11,,908170,Hammond,K.,A,
10007803,11,,908171,Jefferson,C. A.,A,
10007803,11,,908172,Nightingale,P.,A,
10007803,11,,908173,Gent,I. P.,A,
10007803,11,,908174,Kelsey,T.,A,
10007803,11,,908175,Nederhof,M. J.,A,
10007803,11,,908176,Quigley,A. J.,A,
10007803,11,,908177,Allison,C.,A,
10007803,11,,908178,Bowles,J. K. F.,A,
10007803,11,,908179,Linton,S. A.,A,
10007803,11,,908180,Ye,J.,A,
10007803,11,,908181,Dearle,A.,A,
10007803,11,,908182,Sommerville,I.,A,
10007803,11,,908183,Brady,E. C.,A,
10007803,11,,908184,Bhatti,S. N.,A,
10007803,11,,908185,Dobson,S. A.,A,
10007803,11,,908186,Kristensson,P. O.,A,
10007803,11,,908187,Thomson,J. D.,A,
10007803,11,,908188,Nacenta,M.,A,
10007803,11,,908189,Henderson,T.,A,
10007803,11,,908190,Barker,A. D.,A,
10007803,11,,908191,Sarkar,S.,A,
10007803,11,,908192,Voss,A.,A,
10007803,11,,908193,Miguel,I. J.,A,
10007804,11,,97602,Bracciali,A,A,
10007804,11,,97603,Burke,EK,A,
10007804,11,,97607,Graham,BP,A,
10007804,11,,97608,Hussain,A,A,
10007804,11,,97613,Ochoa,G,A,
10007804,11,,97614,Shankland,CE,A,
10007804,11,,97615,Smith,LS,A,
10007804,11,,97618,Turner,KJ,A,
10007804,11,,97619,Woodward,JRW,A,
10007804,11,,216665,Hoyle,A,A,
10007804,11,,216668,Kleczkowski,A S,A,
10007804,11,,216679,Norman,RA,A,
10007804,11,,224011,Farkas,J,A,
10007804,11,,614776,Benlic,U,A,
10007804,11,,614777,Epitropakis,M,A,
10007804,11,,686784,Li,J,A,
10007805,11,,970861,Levine,J.,A,
10007805,11,,970862,Kupke,C.,A,
10007805,11,,970863,Dukes,M.,A,
10007805,11,,970864,Roussinov,D.,A,
10007805,11,,970865,Ruthven,I.,A,
10007805,11,,970866,Kitaev,S.,A,
10007805,11,,970867,Connor,R.,A,
10007805,11,,970868,McBride,C.,A,
10007805,11,,970869,Dunlop,M.,A,
10007805,11,,970870,Steingrimsson,E.,A,
10007805,11,,970871,McMenemy,D.,A,
10007805,11,,970872,Buchanan,S.,A,
10007805,11,,970873,Gibb,F.,A,
10007805,11,,970874,Duncan,R.,A,
10007805,11,,970875,Claesson,A.,A,
10007805,11,,970876,Ghani,N.,A,
10007805,11,,970877,Wilson,J.,A,
10007805,11,,970878,Roper,M.,A,
10007805,11,,970879,Wood,M.,A,
10007805,11,,970880,Dong,C.,A,
10007805,11,,970881,Hornecker,E.,A,
10007800,11,,270326,Amira,A,A,
10007800,11,,270327,Grecos,C,A,
10007800,11,,270328,Luo,C,A,
10007800,11,,270329,Ramzan,N,A,
10007800,11,,270331,Wang,Q,A,
10007800,11,,270332,Wang,X H,A,
10007800,11,,270333,Feng,J,A,
10007800,11,,270334,Alcaraz Calero,J M,A,
10007800,11,,270335,Casaseca-de-la-Higuera,P,A,
10007800,11,,270336,Pervez,Z,A,
10007800,11,,459709,Boyle,E A,A,
10007800,11,,459710,Hainey,T,A,
10007800,11,,459713,Ramsay,J E,A,
10007800,11,,459715,Connolly,T M,A,
10007856,11,,985310,Barnes,D.,A,
10007856,11,,985311,Zwiggelaar,R.,A,
10007856,11,,985312,Labrosse,F.,A,
10007856,11,,985313,He,J.,A,
10007856,11,,985314,Lu,C.,A,
10007856,11,,985315,Liu,Y.,A,
10007856,11,,985316,Lee,M. H.,A,
10007856,11,,985317,Shang,C.,A,
10007856,11,,985318,Dee,H. M.,A,
10007856,11,,985319,MacParthaláin,N. S.,A,
10007856,11,,985320,Diao,R.,A,
10007856,11,,985321,Hardy,N. W.,A,
10007856,11,,985322,Jensen,R.,A,
10007856,11,,985323,Clare,A. J.,A,
10007856,11,,985324,Hoehndorf,R.,A,
10007856,11,,985325,Gkoutos,G.,A,
10007856,11,,985326,Shen,Q.,A,
10007856,11,,985327,Tiddeman,B.,A,
10007856,11,,985328,Aubrey,W.,A,
10007856,11,,985329,Tuci,E.,A,
10007856,11,,985330,Neal,M. J.,A,
10007856,11,,985331,Price,C. J.,A,
10007856,11,,985332,Wilson,M. S.,A,
10007856,11,,985333,Snooke,N.,A,
10007856,11,,985334,Shaw,P. H.,A,
10007856,11,,985335,Jansen,T.,A,
10007857,11,,225220,Kuncheva,LI,A,
10007857,11,,225221,Lim,IS,A,
10007857,11,,225222,Mansoor,SP,A,
10007857,11,,225223,Mantuik,R,A,
10007857,11,,225224,Weng,Y,A,
10007857,11,,278722,John,NW,A,
10007857,11,,278723,Roberts,JC,A,
10007857,11,,278724,Teahan,WJ,A,
10007857,11,,278725,Vidal,FP,A,
10007857,11,,433108,Ap-Cenydd,L,A,
10007814,11,,742109,WHITAKER,RM,A,
10007814,11,,742181,LOUKIDES,G,A,
10007814,11,,742254,PREECE,AD,A,
10007814,11,,742283,MARTIN,RR,A,
10007814,11,,742331,MUMFORD,C,A,
10007814,11,,742353,ALLEN,SM,A,
10007814,11,,742421,SUN,X,A,
10007814,11,,742472,ROSIN,PL,A,
10007814,11,,742477,RANA,OF,A,
10007814,11,,742560,LANGBEIN,FC,A,
10007814,11,,742577,MARSHALL,AD,A,
10007814,11,,742632,HU,S,A,
10007814,11,,742681,SCHOCKAERT,S,A,
10007814,11,,742746,LAI,Y,A,
10007814,11,,742858,TAYLOR,IJ,A,
10007833,11,,72404,Earnshaw,RA,A,
10007833,11,,72489,Excell,PS,A,
10007833,11,,72608,Grout,V,A,
10007833,11,,72609,Picking,R,A,
10007833,11,,72611,Liu,B,A,
10007833,11,,72813,Cordeiro de Amorim,R,A,
10007833,11,,147955,She,Z,A,
10007833,11,,697798,McEwan,N,A,
10007793,11,,4313,Higgs,G,A,
10007793,11,,4314,Langford,M,A,
10007793,11,,4315,Cunliffe,DJ,A,
10007793,11,,4316,Carroll,F,A,
10007793,11,,4317,Muller,B,A,
10007793,11,,4318,Tudhope,DS,A,
10007793,11,,4320,Roula,MA,A,
10007793,11,,4321,Blyth,AJC,A,
10007793,11,,4323,Al-Daher,ZMM,A,
10007793,11,,4324,Al-Begain,K,A,
10007793,11,,4326,Kuwadekar,A,A,
10007793,11,,4327,Otung,IE,A,
10007793,11,,322010,Xynos,K,A,
10007793,11,,581212,Ware,JM,A,
10007855,11,,375354,Archambault,Daniel,A,
10007855,11,,375355,Beckmann,Arnold,A,
10007855,11,,375356,Berger,Ulrich,A,
10007855,11,,375357,Blanck,Jens,A,
10007855,11,,375358,Borgo,Rita,A,
10007855,11,,375359,Grant,Philip,A,
10007855,11,,375360,Jones,Mark,A,
10007855,11,,375361,Jones,Matt,A,
10007855,11,,375362,Kullmann,Oliver,A,
10007855,11,,375363,Laramee,Bob,A,
10007855,11,,375364,Lindsay,Stephen,A,
10007855,11,,375365,Mora,Benjamin,A,
10007855,11,,375366,Mosses,Peter,A,
10007855,11,,375367,Roggenbach,Markus,A,
10007855,11,,375368,Seisenberger,Monika,A,
10007855,11,,375369,Setzer,Anton,A,
10007855,11,,375370,Tam,Gary,A,
10007855,11,,375371,Thimbleby,Harold,A,
10007855,11,,375372,Tucker,John,A,
10007855,11,,375373,Xie,Xianghua,A,
10005343,11,,939256,Wilson,N.,A,
10005343,11,,939257,Martinez-del-Rincon,J.,A,
10005343,11,,939258,Sierra,C.,A,
10005343,11,,939259,Dubois,D.,A,
10005343,11,,939260,Trehan,A.,A,
10005343,11,,939261,Bell,D.,A,
10005343,11,,939262,Scott,S.,A,
10005343,11,,939263,Crookes,D.,A,
10005343,11,,939264,de Supinski,B.,A,
10005343,11,,939265,Stewart,A.,A,
10005343,11,,939266,Murphy,B.,A,
10005343,11,,939267,Godo Lacasa,L.,A,
10005343,11,,939268,Hong,J.,A,
10005343,11,,939269,McMullan,P.,A,
10005343,11,,939270,Zhou,H.,A,
10005343,11,,939271,Kurugollu,F.,A,
10005343,11,,939272,McCollum,B.,A,
10005343,11,,939273,Miller,P.,A,
10005343,11,,939274,Spence,I.,A,
10005343,11,,939275,Kilpatrick,P.,A,
10005343,11,,939276,Nikolopoulos,D.,A,
10005343,11,,939277,Stewart,D.,A,
10005343,11,,939278,Greer,D.,A,
10005343,11,,939279,Vandierendonck,H.,A,
10005343,11,,939280,Liu,W.,A,
10005343,11,,939281,Ji,M.,A,
10007807,11,,1594,Behera,L,A,
10007807,11,,1595,Belatreche,A,A,
10007807,11,,1596,Bi,Y,A,
10007807,11,,1597,Black,N,A,
10007807,11,,1599,Charles,DK,A,
10007807,11,,1600,Chen,L,A,
10007807,11,,1601,Coleman,S,A,
10007807,11,,1602,Condell,JV,A,
10007807,11,,1603,Coyle,D,A,
10007807,11,,1604,Curran,K,A,
10007807,11,,1605,Donnelly,MP,A,
10007807,11,,1606,Farahmand,K,A,
10007807,11,,1608,Glass,D,A,
10007807,11,,1609,Harkin,J,A,
10007807,11,,1610,Li,Y,A,
10007807,11,,1611,Liu,J,A,
10007807,11,,1612,Maguire,LP,A,
10007807,11,,1613,McCartney,M,A,
10007807,11,,1614,McClean,SI,A,
10007807,11,,1616,McDaid,LJ,A,
10007807,11,,1617,McGinnity,T,A,
10007807,11,,1622,Morrow,PJ,A,
10007807,11,,1623,Nugent,CD,A,
10007807,11,,1624,Parr,GP,A,
10007807,11,,1625,Prasad,G,A,
10007807,11,,1626,Scotney,B,A,
10007807,11,,1627,Siddique,M,A,
10007807,11,,1629,Wang,Hy,A,
10007807,11,,1630,Wang,H,A,
10007807,11,,1632,Wong-Lin,K,A,
10007807,11,,1633,Wu,S,A,
10007807,11,,1634,Zheng,H,A,
10007807,11,,236486,Bond,R,A,
10007807,11,,236487,Zhang,S,A,
10007807,11,,236488,Rano,I,A,
10007807,11,,236489,Gardiner,B,A,
10007807,11,,236490,Hawe,G,A,
10007807,11,,236491,Browne,F,A,
10007807,11,,236492,Nibouche,O,A,
10007807,11,,258889,Kelso,S,A,
10007807,11,,258891,Agrawal,S,A,
10007807,11,,562948,Cecotti,H,A,
